full_name,phone,password_hash,specialty
Михаил Коровин,+7-(924)-932-46-92,578affd9c32cfddd58b557d4fbd0aed5cafcd3d09f928e722fbdda205173384e,Гастроэнтеролог,61
Риана Стрелкова,+7-(935)-663-18-98,9c825f2be6ca54b23a108cbadcf5afde583daa135402767deeb93ac3119da25a,Токсиколог,62
Варлам Воронцов,+7-(938)-813-13-68,f7d736ddf7f4a92d005890b40c4550427be63eb66c794ad98fa2dc83cda7ba2d,Вирусолог,63
Макария Бычкова,+7-(927)-837-87-33,65f0e6b0bee015085435b6dbf3508afd7498bd6f9dd35419984dad6b1dff1ad7,Офтальмолог,64
Сара Развожаева,+7-(966)-583-55-74,198648c544c6767a7ff9551a76e3b843196371b447c3593766786f85175fabb7,Сексопатолог,65
Ростислав Слепнёв,+7-(964)-871-89-69,bc194f016c2116f729478ec1af0b258330dba4fefdeecd68c4ad713062048cfc,Гематолог,66
Родион Гуляев,+7-(966)-953-96-23,b9b050bb941930cba1af8096cc385fc47fc5f53106f913b14b14a83cfb8d0291,Гематолог,67
Индира Голикова,+7-(999)-880-30-45,da1c1db53585c1387fd79814a425b1ae1134b10bff1b6103fb948df55d2e85a3,Сексопатолог,68
Валерьян Солопов,+7-(968)-938-16-66,c9391e49a829c38c28a4906ce8fc7324342a06cee88801586bf527f0a2bcbe4b,Физиотерапевт,69
Мирослав Евменьев,+7-(960)-746-45-35,c1808043e5004bc70e9103d08e5569376d29835036d48b73a45aa4e44a928f04,Травматолог,70
Авксентий Андреев,+7-(929)-601-41-99,5e8df71b6bc4bff698670000e40b39ce43357b7c2a028d31b1a9ee42895b1ede,Иммунолог,71
Анаит Пивоварова,+7-(909)-205-07-63,fb327e4755957b50780f196a815000c12918d1a94e5d4d76eac02d35c9345fac,Физиотерапевт,72
Евстафий Мелитонов,+7-(999)-913-04-47,f36f98be91265870c71013b1052e26fb7295b80a9b888232d64084875b9dbb64,Инфекционист,73
Оксана Белезянская,+7-(909)-360-76-04,e1d41f27ae1dcd25513e2dc6ef422669cdc54d5448e5f7470624dc2ae204ed4d,Ревматолог,74
Мика Грязева,+7-(909)-601-43-06,e9b4596f6bb60dbc80d86f8e204a0a6e93e61fae3e6183ca7605dfd67769497c,Гастроэнтеролог,75
Тамила Сахновская,+7-(934)-903-89-35,4c8de256ceb89b8d3f4170d2c0d61b61c6c47a5fd75acf06594cfc3586c7122b,Пластический хирург,76
Архипп Вельтман,+7-(935)-651-37-87,bde8f1c6d267904dfb0b6d6c1240b8bbe195e6381672973f927e2ea0e7cbcd5f,Педиатр,77
Степан Лимонов,+7-(911)-016-93-53,2f79ada45b9e0f5e0d35a3e384dece980adf3359142de17ddd9292634b33dd2b,Терапевт,78
Аврора Шабалова,+7-(968)-673-66-13,81bc3ad982d9acd5144d0cd6e73b9a0c87da0c8f34ba5227b1e83c8346954681,Офтальмолог,79
Прохор Перхуров,+7-(968)-911-22-42,89b012e4767222c9f22c489e8e34eabec8e39d006bb7d1e6b2c60717a72c046c,Генетик,80
Кир Романов,+7-(962)-172-44-60,eef10b73c6327c88bbac7538e9e1ec831ccbb57a1f05c7bee0035f159bd87d20,Физиотерапевт,81
Аркадий Щеглов,+7-(910)-887-69-47,d20ffe723c7aaf4f8525882fd4e8c1758e28eec96ef7327b404f65d172bc51ed,Нейрохирург,82
Ралина Старикова,+7-(909)-747-41-75,ef7cd849adf9f1bffb2d49fa800dac46b31f06ab6cc0ec3dff6da11d689aba34,Сурдолог,83
Сафия Незнанская,+7-(968)-488-13-16,a4e6edcc0206c8414448cdd124d1887614c2578a6ac4f8c558e6417d4aef0a48,Сурдолог,84
Макар Ремнёв,+7-(928)-368-36-92,90d9553be5bb6413e406a01d5c30aa0168a8af2c3dfb2e253a8135113218ffdb,Диетолог,85
Ая Евдокимова,+7-(996)-700-74-50,33adf5f6cafcf410968673c5157476cb0653a474df72e00b36fa1f06ce144151,Гериатр,86
Милица Дружникова,+7-(968)-578-05-39,21cd60008ea05a65b3e7da8f1baac6616bd16a70922ef8ad7894c76848ce02fc,Иммунолог,87
Дорофей Гришин,+7-(936)-235-19-26,e81cad59f51ea7292f096d242d92efdd8cf585d82e85f005a209ff539bff97b8,Токсиколог,88
Кондрат Николаенко,+7-(968)-140-06-71,f6194c5c921484c36464efd4a13bd4ccdf4dd61504c63506deba48a74e812343,Хирург,89
Геннадий Щепкин,+7-(960)-316-61-22,74333e8d81e9b49c07bdf07cf01a7878b4e4352dbe2dd2ad254d8ae15a2d625d,Реаниматолог,90
Клара Огарева,+7-(975)-470-19-79,82bd0775da66e7c3af357e195336bf19e00a757708e3c83a555e238fc6669d12,Пластический хирург,91
Магда Фурцева,+7-(909)-088-73-72,3adc747bdada270e7c3aac9def71242160c4c99440a69a694540162e62ff1ce4,Физиотерапевт,92
Тит Робски,+7-(924)-672-42-54,08e823fb66f5b291cb9d8f77480dbcdd41cfb4838abc91b1fca305f46043e6ab,Кардиолог,93
Фома Хемлин,+7-(936)-274-57-63,2a3e543723d764dcdc6249da9a1d995e3363bc6d306c3198a3b9c67ced320d87,Проктолог,94
Лолита Шарова,+7-(928)-898-08-79,64f7eb8e794c605af8365113cfda62caf5e10c03a9b91632c9f61c6fef1cc2ee,Невропатолог,95
Порфирий Собчак,+7-(909)-536-80-82,d406217b3d36fda85c86c4b1d2bb49dfc6fe5780c24711478bb6e4cf45b7805f,Пластический хирург,96
Дильнара Васильева,+7-(967)-048-05-55,6f78d5517951c24a3141e2e857675a842ada772bd18c6c057045d63dfb3edad2,Сексопатолог,97
Тэмми Бурмистрова,+7-(937)-148-19-45,be97eb028d2a4786682e8a5e96373323ec60d0423f0b8e8f16229e9e5b893b18,Терапевт,98
Артём Малышев,+7-(925)-588-83-55,14443385e8ce8228ddcfa730f652c5b65bf3380a9ee417519c8223fcdb3a3db5,Ароматерапевт,99
Ярослав Колин,+7-(911)-195-82-89,2f84d86509ce63067feed9d204ea38d9f8f0740e8d6f028af88a6a4f750ba028,Педиатр,100
