full_name,phone,password_hash
Лили Охотина,+7-(999)-481-72-38,1dfd7435fabc3717ba9ecea85cb3cdd2562aa335dd00ccb75eb2d96666838009,1
Инга Садофова,+7-(909)-698-73-02,44ed408f0da0f0183c0b82dff9993bb3b894e091faff1f9b6667b7be65b1a679,2
Климент Осипов,+7-(933)-614-54-78,b7815e42f808f13b783097713ef2a5fc6a0d9846980cafb0bcb2a5b254df954c,3
Авдей Мурмановский,+7-(933)-783-83-11,6b35ab2039c6676efc6933b3ef28a8a0b0711e5a4a4cbea3333e793f0a0a6dde,4
Харитон Кононыхин,+7-(909)-404-39-64,dea864d56b7e2b3bf0931fff5ef2859c1cd943bd7184e80d9f2eb588f713f500,5
Богдан Гоголь,+7-(999)-486-37-42,7c7b5095d1bae350cfaaf04cfb2c13362305cbc96dfe2d35424c82db97024bff,6
Федот Войнович,+7-(909)-735-68-94,755d117bf729d27a69ee04fee548c340a5fe50ba3074832a1f64bc3aa05705bf,7
Станислав Цыпкин,+7-(926)-802-51-55,d276c6dd986127a9f43ab1e5b60fd381201b0f9f79664e8ea7f30ff93bcdcf71,8
Евгений Филимонов,+7-(909)-907-09-92,f866a618777453c4cfdd1c38d223f1f33dab70dba7d3f93e473da38ede546692,9
Иллирика Личутина,+7-(909)-222-62-61,0a93cc7c7479f5c3137ba4793899c8a0c0f362278752db60e5f06e6b1e15dfb1,10
Пафнутий Додолев,+7-(937)-535-04-07,73b0343ac3cfcd0c2a04bf8337d636d8093e0785a75406c29d9c87e718df15c7,11
Сила Лайдон,+7-(964)-903-40-88,b2b8f86b23c07de26d26ae50674f83b001cb5cb38b2a6504ad83553cadb113cd,12
Геласий Богоявленский,+7-(968)-851-36-31,3314812ca453f00edadf645720e58ac59ca2fa732fb898d0fd17ca75eb05f90d,13
Степан Анурьев,+7-(925)-573-65-21,36cc1857c6cb5d5e9230a76be413c992ac0263d0fd485296d184925d4efeb9fa,14
Эльвина Агафонова,+7-(909)-306-84-66,6b3a34268d20c06260a2eae678bb69b59eb90fa3a029abce51fe44272885ba12,15
Аникита Аврамов,+7-(999)-864-50-66,2d2d70275da837013e8ff4e3485c800d74508b7c27ac41dc26c4bd05dd37ba95,16
Спиридон Карасёв,+7-(964)-576-90-54,dd7bf1a16748b737cb5fbd0e598316367ebc3f6051da69356b30c3f79be78b5e,17
Никифор Сафонов,+7-(909)-023-07-21,b8a92eb53db03083ec7b0ee21beaf6a7148c8e0238914ef3d26b4a5c76a54390,18
Рената Труфанова,+7-(999)-513-49-12,987bfc072dc9c79288e91eaf0b299f765d702e4ab6c540144139716ed933c385,19
Любовь Пересторина,+7-(935)-611-37-83,dbe731bfb86f22305bdf0b79ceb918b75527b96e4ba5fb770c80520208283781,20
Агунда Егорова,+7-(909)-185-52-82,c82e3a0affb8c549cb1b05c3979634dcc63f0e7880f0fc08850918e163c02c07,21
Ульяна Иринеева,+7-(938)-473-90-49,1423be84d7b20eea5a8893573323e145b8038722bbb03f7912705795df683a60,22
Климент Бояшов,+7-(909)-579-76-23,d9a9ee481c3ab48120d99c7580417fea9596116d2bea2125db689c84ebe77e68,23
Леонтий Ахадов,+7-(922)-288-88-32,07be8f625bb754333eb018bc01c9eb0a38e349e5b179c5e15dc92ea2848a880b,24
Герасим Козьмин,+7-(910)-994-90-69,b7bcd62b0140ae3a9521dc0a184a5382510b917108f2d4c5bba1956b97ed63d1,25
Милен Митрофанова,+7-(968)-856-97-00,eb59e934724dc0658cf2830a5e270b81cb3b205dba81e84c9467b205544833f8,26
Тимур Овечкин,+7-(938)-296-78-93,024ba3d0d29897f329fe669a005b49a4bc6d296cf593c95596b5df3bc60accac,27
Родион Мурманцев,+7-(999)-978-48-48,69a5e85d6aacb819eec56bb3379cb5c472f0ab743eb98017be0297e0ec9fffb9,28
Варфоломей Ерастов,+7-(913)-207-92-53,2e7bfa90553d2d54197f80526920bbe1f9ec4aaf16a2cc33f089ed1ae420ba8f,29
Евгений Заболоцкий,+7-(968)-738-57-48,602a893eb4c875789fa28fa0f767bd01bcbc7d2062e4128e791546e2cc981011,30
Иулиан Елисеев,+7-(968)-809-65-26,369a24d65166af7dae4e460188fe75e3759bf17c1ef475ac7a5f4aced44c52c1,31
Глеб Вавилин,+7-(909)-847-12-96,876d32851736ab9799f72b1033d32b4c5ee1083951df50a7f566ae725c2517d4,32
Ай Пересторина,+7-(909)-662-55-71,18b4555e669a950cfc79c93fc9cbba49234e538030c7d24c1d78abb0954984b4,33
Аделаида Прокопьева,+7-(910)-737-55-69,7af12e6ed3315532183b7fc96abdb5cadd2c3466e54aaad01c6d0152c73b9a57,34
Влас Захаров,+7-(911)-831-91-12,3dec2568433f8e12d85370286cf30707dccd0972d6a64a56ad313c7ee9765829,35
Владимир Полуехтов,+7-(999)-361-28-26,ccfe98c7a3047f8e9033c034dd663c1df8c5ee2d03d3d74f021a31021a7d9c18,36
Севастьян Исаин,+7-(937)-199-88-67,cc330740de1fa20db1b35a5379de100b2db0bedff1b259d8c9dde3ab9018909b,37
Аделина Подколзина,+7-(925)-538-64-16,c4f1b0469b71e9eab9fac3db624e933677c149af316c3403d5c039d3ad3f00c5,38
Онуфрий Всеволожский,+7-(963)-255-72-14,47386cad7fc4f28fe07856fea22da4e52d1a2c7d0ba3100624f1e439f82a4e03,39
Влас Адрианов,+7-(968)-541-14-99,18f648f7af2ef048b4ee212a045f42c21a1e75b2b13200747e6b6eeee6ad4310,40
Карима Анцыферова,+7-(922)-627-50-20,728d60d1b1d5f0340b3b96616766f3326826c6b5521399226cc888f20a720f28,41
Алеста Тихомирова,+7-(988)-659-71-24,9b1c491f143305bb352522bb3cc1a2c568a9355821fd282505635a334e33c16b,42
Алёна Кочергина,+7-(909)-510-07-01,39d96b6d4e33c048b7acf43f39a3b6e10b127c744ddcea6932a43fd3509bac47,43
Мартын Матвеев,+7-(945)-774-67-22,5de0b6b34ca21abe63398a8d6da4bd6ce888895617b7b4d9757d4e33b7902e00,44
Азиза Эмина,+7-(968)-362-37-07,1ba9f1995943d88d7c63abdf2cb2a4f53ff1ed90ef1c117ffb841be804fa80f4,45
Никанор Курилов,+7-(930)-993-29-03,8e0dfe2ec8512f385215e4a1e0273a9f24aca4963f4cc0bb135df9f65bc3aa4b,46
Александр Козел,+7-(964)-273-83-32,e8c762e4a9671036b32e934ad431551b5a99a7ed07097485f7d1ae1a3bb60151,47
Айнур Комарова,+7-(922)-293-45-90,d4559fde0f598f1335092a3e4fd6260e44f4b774f7855ab2c06a2d9cec9236d9,48
Серафим Родионов,+7-(999)-001-42-69,8dcf7aba18e0981e1e37cb868b9af9a632feb691e84d97d56a4d0840bc582578,49
Зиновий Иовлев,+7-(932)-168-80-39,7f8995b08a24c15c73eaabf03b9f7d8c337aa6b0d9c9bff15ff48360f9b6b32f,50
Лилия Задорова,+7-(912)-816-21-19,69042ea1535483fe5660cd93f667e71b65fcd4483cf56d380a610c17f459fad8,51
Мишель Долинская,+7-(927)-412-02-04,3a73503a6c855d2afd8ba93fe64b95e0616e663cbfeed4c94d6d19c28acf4923,52
Акакий Петров,+7-(966)-262-24-23,836ea835f34654eee7af467359743309d83d9942a7b6087b730867f136581777,53
Сара Савинова,+7-(960)-182-87-38,1380e3dbe39230ee8a7cff7fee1189f8c15443afe6bc01a1b0f973d52c590677,54
Якун Харлампиев,+7-(909)-103-22-16,2f8880c4f8e6c0839a0fcfaf14176e609f2fc7d754693e235375dce327b8a0bf,55
Милица Фёдорова,+7-(968)-401-61-80,1f8e679eac4de94ab29ae6356a7e74a26b25915f70d98bb1e1a98daf8067e436,56
Майя Бавильская,+7-(963)-093-77-23,d16932fdcefd4e68cae6fd0dd1b6a9c1a733b17192a1c2ab58d9f715a2d2281b,57
Урсула Сакина,+7-(968)-132-73-03,49fa66a8e1dd39d27268748fdb15b93e7c69781e568ae9189a802b0eb6fbbba3,58
Антон Юдин,+7-(961)-311-29-40,93177c0ceefb0d265c79b286b8179a76840a822c8ab0e36805e478167f595b2d,59
Мишель Колядина,+7-(922)-081-91-16,fe47627bc8a91b2a088ab5b34460656faf7d804dbde5d6686c0f246a16d00288,60
