day	company	region	shows	clicks
2020-01-01	85f762a9-c1ab-4dd6-b01b-f49a65065788	1	9679	8774
2020-01-01	85f762a9-c1ab-4dd6-b01b-f49a65065788	2	6338	311
2020-01-01	85f762a9-c1ab-4dd6-b01b-f49a65065788	3	2550	454
2020-01-01	85f762a9-c1ab-4dd6-b01b-f49a65065788	4	1138	951
2020-01-01	85f762a9-c1ab-4dd6-b01b-f49a65065788	5	7597	4974
2020-01-01	2c17082e-222f-47c0-aecd-a3a49d7c9de9	1	943	556
2020-01-01	2c17082e-222f-47c0-aecd-a3a49d7c9de9	2	3411	3231
2020-01-01	2c17082e-222f-47c0-aecd-a3a49d7c9de9	3	5564	1932
2020-01-01	2c17082e-222f-47c0-aecd-a3a49d7c9de9	4	5815	4262
2020-01-01	2c17082e-222f-47c0-aecd-a3a49d7c9de9	5	9005	6516
2020-01-01	8bf64597-ffe5-468e-9af4-d538f6d841ec	1	9589	2324
2020-01-01	8bf64597-ffe5-468e-9af4-d538f6d841ec	2	5929	5404
2020-01-01	8bf64597-ffe5-468e-9af4-d538f6d841ec	3	5682	4311
2020-01-01	8bf64597-ffe5-468e-9af4-d538f6d841ec	4	5630	2493
2020-01-01	8bf64597-ffe5-468e-9af4-d538f6d841ec	5	9843	2328
2020-01-01	acab183d-7b5e-4975-954a-6518df026ec4	1	7349	1365
2020-01-01	acab183d-7b5e-4975-954a-6518df026ec4	2	8059	3639
2020-01-01	acab183d-7b5e-4975-954a-6518df026ec4	3	740	234
2020-01-01	acab183d-7b5e-4975-954a-6518df026ec4	4	9131	5239
2020-01-01	acab183d-7b5e-4975-954a-6518df026ec4	5	9263	5858
2020-01-01	1e216c51-2034-4899-b56c-0860be526e27	1	3299	364
2020-01-01	1e216c51-2034-4899-b56c-0860be526e27	2	4464	1376
2020-01-01	1e216c51-2034-4899-b56c-0860be526e27	3	4090	3943
2020-01-01	1e216c51-2034-4899-b56c-0860be526e27	4	6012	2968
2020-01-01	1e216c51-2034-4899-b56c-0860be526e27	5	3098	2601
2020-01-01	13014d73-c4aa-4f72-bd4c-3fd7b028789e	1	6823	2369
2020-01-01	13014d73-c4aa-4f72-bd4c-3fd7b028789e	2	4148	1113
2020-01-01	13014d73-c4aa-4f72-bd4c-3fd7b028789e	3	8116	334
2020-01-01	13014d73-c4aa-4f72-bd4c-3fd7b028789e	4	1478	1225
2020-01-01	13014d73-c4aa-4f72-bd4c-3fd7b028789e	5	8113	7494
2020-01-01	f744f709-98fe-449a-aab1-d8d1bfa4a38d	1	3980	3114
2020-01-01	f744f709-98fe-449a-aab1-d8d1bfa4a38d	2	2916	1711
2020-01-01	f744f709-98fe-449a-aab1-d8d1bfa4a38d	3	1289	394
2020-01-01	f744f709-98fe-449a-aab1-d8d1bfa4a38d	4	4206	23
2020-01-01	f744f709-98fe-449a-aab1-d8d1bfa4a38d	5	2069	1950
2020-01-01	b605eb9d-6110-475d-9396-8758a58234e8	1	6246	1422
2020-01-01	b605eb9d-6110-475d-9396-8758a58234e8	2	4496	2801
2020-01-01	b605eb9d-6110-475d-9396-8758a58234e8	3	971	25
2020-01-01	b605eb9d-6110-475d-9396-8758a58234e8	4	6619	5521
2020-01-01	b605eb9d-6110-475d-9396-8758a58234e8	5	4772	2766
2020-01-01	325ddb8b-50ce-4666-a90b-0268fbb422f5	1	207	21
2020-01-01	325ddb8b-50ce-4666-a90b-0268fbb422f5	2	5994	4999
2020-01-01	325ddb8b-50ce-4666-a90b-0268fbb422f5	3	8456	4075
2020-01-01	325ddb8b-50ce-4666-a90b-0268fbb422f5	4	5166	3804
2020-01-01	325ddb8b-50ce-4666-a90b-0268fbb422f5	5	7328	4918
2020-01-01	9076f20d-bfe6-4374-a17f-0dae61a323cf	1	8709	8313
2020-01-01	9076f20d-bfe6-4374-a17f-0dae61a323cf	2	8753	4269
2020-01-01	9076f20d-bfe6-4374-a17f-0dae61a323cf	3	9461	7735
2020-01-01	9076f20d-bfe6-4374-a17f-0dae61a323cf	4	2533	15
2020-01-01	9076f20d-bfe6-4374-a17f-0dae61a323cf	5	4670	1325
2020-01-02	85f762a9-c1ab-4dd6-b01b-f49a65065788	1	5450	393
2020-01-02	85f762a9-c1ab-4dd6-b01b-f49a65065788	2	6369	4016
2020-01-02	85f762a9-c1ab-4dd6-b01b-f49a65065788	3	2996	1956
2020-01-02	85f762a9-c1ab-4dd6-b01b-f49a65065788	4	739	343
2020-01-02	85f762a9-c1ab-4dd6-b01b-f49a65065788	5	7620	6212
2020-01-02	2c17082e-222f-47c0-aecd-a3a49d7c9de9	1	8329	5203
2020-01-02	2c17082e-222f-47c0-aecd-a3a49d7c9de9	2	1546	91
2020-01-02	2c17082e-222f-47c0-aecd-a3a49d7c9de9	3	503	415
2020-01-02	2c17082e-222f-47c0-aecd-a3a49d7c9de9	4	4003	36
2020-01-02	2c17082e-222f-47c0-aecd-a3a49d7c9de9	5	6876	2861
2020-01-02	8bf64597-ffe5-468e-9af4-d538f6d841ec	1	9406	3854
2020-01-02	8bf64597-ffe5-468e-9af4-d538f6d841ec	2	5070	2276
2020-01-02	8bf64597-ffe5-468e-9af4-d538f6d841ec	3	9362	6086
2020-01-02	8bf64597-ffe5-468e-9af4-d538f6d841ec	4	1279	778
2020-01-02	8bf64597-ffe5-468e-9af4-d538f6d841ec	5	5870	33
2020-01-02	acab183d-7b5e-4975-954a-6518df026ec4	1	91	44
2020-01-02	acab183d-7b5e-4975-954a-6518df026ec4	2	135	66
2020-01-02	acab183d-7b5e-4975-954a-6518df026ec4	3	6686	261
2020-01-02	acab183d-7b5e-4975-954a-6518df026ec4	4	9556	1608
2020-01-02	acab183d-7b5e-4975-954a-6518df026ec4	5	7327	3370
2020-01-02	1e216c51-2034-4899-b56c-0860be526e27	1	5717	1126
2020-01-02	1e216c51-2034-4899-b56c-0860be526e27	2	4674	57
2020-01-02	1e216c51-2034-4899-b56c-0860be526e27	3	2735	1370
2020-01-02	1e216c51-2034-4899-b56c-0860be526e27	4	8308	5673
2020-01-02	1e216c51-2034-4899-b56c-0860be526e27	5	9044	8528
2020-01-02	13014d73-c4aa-4f72-bd4c-3fd7b028789e	1	669	21
2020-01-02	13014d73-c4aa-4f72-bd4c-3fd7b028789e	2	6834	5515
2020-01-02	13014d73-c4aa-4f72-bd4c-3fd7b028789e	3	4309	1171
2020-01-02	13014d73-c4aa-4f72-bd4c-3fd7b028789e	4	1933	126
2020-01-02	13014d73-c4aa-4f72-bd4c-3fd7b028789e	5	255	151
2020-01-02	f744f709-98fe-449a-aab1-d8d1bfa4a38d	1	2234	885
2020-01-02	f744f709-98fe-449a-aab1-d8d1bfa4a38d	2	4178	3413
2020-01-02	f744f709-98fe-449a-aab1-d8d1bfa4a38d	3	8509	641
2020-01-02	f744f709-98fe-449a-aab1-d8d1bfa4a38d	4	7187	4770
2020-01-02	f744f709-98fe-449a-aab1-d8d1bfa4a38d	5	9852	3582
2020-01-02	b605eb9d-6110-475d-9396-8758a58234e8	1	6213	533
2020-01-02	b605eb9d-6110-475d-9396-8758a58234e8	2	4400	2624
2020-01-02	b605eb9d-6110-475d-9396-8758a58234e8	3	8647	1437
2020-01-02	b605eb9d-6110-475d-9396-8758a58234e8	4	2752	2504
2020-01-02	b605eb9d-6110-475d-9396-8758a58234e8	5	8596	965
2020-01-02	325ddb8b-50ce-4666-a90b-0268fbb422f5	1	1646	1269
2020-01-02	325ddb8b-50ce-4666-a90b-0268fbb422f5	2	1179	1055
2020-01-02	325ddb8b-50ce-4666-a90b-0268fbb422f5	3	4930	542
2020-01-02	325ddb8b-50ce-4666-a90b-0268fbb422f5	4	7388	2028
2020-01-02	325ddb8b-50ce-4666-a90b-0268fbb422f5	5	7005	4380
2020-01-02	9076f20d-bfe6-4374-a17f-0dae61a323cf	1	8981	8425
2020-01-02	9076f20d-bfe6-4374-a17f-0dae61a323cf	2	8303	5172
2020-01-02	9076f20d-bfe6-4374-a17f-0dae61a323cf	3	7565	3559
2020-01-02	9076f20d-bfe6-4374-a17f-0dae61a323cf	4	7453	6612
2020-01-02	9076f20d-bfe6-4374-a17f-0dae61a323cf	5	8854	449
2020-01-03	85f762a9-c1ab-4dd6-b01b-f49a65065788	1	7337	4472
2020-01-03	85f762a9-c1ab-4dd6-b01b-f49a65065788	2	8819	7569
2020-01-03	85f762a9-c1ab-4dd6-b01b-f49a65065788	3	8119	3774
2020-01-03	85f762a9-c1ab-4dd6-b01b-f49a65065788	4	3774	333
2020-01-03	85f762a9-c1ab-4dd6-b01b-f49a65065788	5	9940	1074
2020-01-03	2c17082e-222f-47c0-aecd-a3a49d7c9de9	1	7108	264
2020-01-03	2c17082e-222f-47c0-aecd-a3a49d7c9de9	2	1871	253
2020-01-03	2c17082e-222f-47c0-aecd-a3a49d7c9de9	3	53	37
2020-01-03	2c17082e-222f-47c0-aecd-a3a49d7c9de9	4	9118	15
2020-01-03	2c17082e-222f-47c0-aecd-a3a49d7c9de9	5	2075	572
2020-01-03	8bf64597-ffe5-468e-9af4-d538f6d841ec	1	3010	2011
2020-01-03	8bf64597-ffe5-468e-9af4-d538f6d841ec	2	4108	659
2020-01-03	8bf64597-ffe5-468e-9af4-d538f6d841ec	3	4833	74
2020-01-03	8bf64597-ffe5-468e-9af4-d538f6d841ec	4	4418	107
2020-01-03	8bf64597-ffe5-468e-9af4-d538f6d841ec	5	5732	3380
2020-01-03	acab183d-7b5e-4975-954a-6518df026ec4	1	6201	2755
2020-01-03	acab183d-7b5e-4975-954a-6518df026ec4	2	9041	8185
2020-01-03	acab183d-7b5e-4975-954a-6518df026ec4	3	1486	562
2020-01-03	acab183d-7b5e-4975-954a-6518df026ec4	4	9052	7522
2020-01-03	acab183d-7b5e-4975-954a-6518df026ec4	5	9496	1945
2020-01-03	1e216c51-2034-4899-b56c-0860be526e27	1	2677	775
2020-01-03	1e216c51-2034-4899-b56c-0860be526e27	2	7027	4383
2020-01-03	1e216c51-2034-4899-b56c-0860be526e27	3	6447	746
2020-01-03	1e216c51-2034-4899-b56c-0860be526e27	4	9388	6114
2020-01-03	1e216c51-2034-4899-b56c-0860be526e27	5	8856	5077
2020-01-03	13014d73-c4aa-4f72-bd4c-3fd7b028789e	1	9843	828
2020-01-03	13014d73-c4aa-4f72-bd4c-3fd7b028789e	2	3393	558
2020-01-03	13014d73-c4aa-4f72-bd4c-3fd7b028789e	3	4881	2994
2020-01-03	13014d73-c4aa-4f72-bd4c-3fd7b028789e	4	1837	671
2020-01-03	13014d73-c4aa-4f72-bd4c-3fd7b028789e	5	6199	559
2020-01-03	f744f709-98fe-449a-aab1-d8d1bfa4a38d	1	3683	3067
2020-01-03	f744f709-98fe-449a-aab1-d8d1bfa4a38d	2	3249	2250
2020-01-03	f744f709-98fe-449a-aab1-d8d1bfa4a38d	3	4779	4048
2020-01-03	f744f709-98fe-449a-aab1-d8d1bfa4a38d	4	5557	3411
2020-01-03	f744f709-98fe-449a-aab1-d8d1bfa4a38d	5	5382	2728
2020-01-03	b605eb9d-6110-475d-9396-8758a58234e8	1	7064	2063
2020-01-03	b605eb9d-6110-475d-9396-8758a58234e8	2	9299	7537
2020-01-03	b605eb9d-6110-475d-9396-8758a58234e8	3	6937	4820
2020-01-03	b605eb9d-6110-475d-9396-8758a58234e8	4	1310	643
2020-01-03	b605eb9d-6110-475d-9396-8758a58234e8	5	2598	1101
2020-01-03	325ddb8b-50ce-4666-a90b-0268fbb422f5	1	1918	762
2020-01-03	325ddb8b-50ce-4666-a90b-0268fbb422f5	2	5172	43
2020-01-03	325ddb8b-50ce-4666-a90b-0268fbb422f5	3	9289	4189
2020-01-03	325ddb8b-50ce-4666-a90b-0268fbb422f5	4	1920	1284
2020-01-03	325ddb8b-50ce-4666-a90b-0268fbb422f5	5	1800	702
2020-01-03	9076f20d-bfe6-4374-a17f-0dae61a323cf	1	7021	4457
2020-01-03	9076f20d-bfe6-4374-a17f-0dae61a323cf	2	5354	2975
2020-01-03	9076f20d-bfe6-4374-a17f-0dae61a323cf	3	2372	2289
2020-01-03	9076f20d-bfe6-4374-a17f-0dae61a323cf	4	4109	1531
2020-01-03	9076f20d-bfe6-4374-a17f-0dae61a323cf	5	5372	582
2020-01-04	85f762a9-c1ab-4dd6-b01b-f49a65065788	1	7642	7402
2020-01-04	85f762a9-c1ab-4dd6-b01b-f49a65065788	2	9503	2945
2020-01-04	85f762a9-c1ab-4dd6-b01b-f49a65065788	3	395	355
2020-01-04	85f762a9-c1ab-4dd6-b01b-f49a65065788	4	1655	499
2020-01-04	85f762a9-c1ab-4dd6-b01b-f49a65065788	5	7456	4945
2020-01-04	2c17082e-222f-47c0-aecd-a3a49d7c9de9	1	7496	2041
2020-01-04	2c17082e-222f-47c0-aecd-a3a49d7c9de9	2	4039	3483
2020-01-04	2c17082e-222f-47c0-aecd-a3a49d7c9de9	3	5541	2665
2020-01-04	2c17082e-222f-47c0-aecd-a3a49d7c9de9	4	3206	910
2020-01-04	2c17082e-222f-47c0-aecd-a3a49d7c9de9	5	5758	5017
2020-01-04	8bf64597-ffe5-468e-9af4-d538f6d841ec	1	8143	7455
2020-01-04	8bf64597-ffe5-468e-9af4-d538f6d841ec	2	9129	1318
2020-01-04	8bf64597-ffe5-468e-9af4-d538f6d841ec	3	2636	1787
2020-01-04	8bf64597-ffe5-468e-9af4-d538f6d841ec	4	8001	2688
2020-01-04	8bf64597-ffe5-468e-9af4-d538f6d841ec	5	6870	893
2020-01-04	acab183d-7b5e-4975-954a-6518df026ec4	1	8248	7666
2020-01-04	acab183d-7b5e-4975-954a-6518df026ec4	2	3608	508
2020-01-04	acab183d-7b5e-4975-954a-6518df026ec4	3	4775	3060
2020-01-04	acab183d-7b5e-4975-954a-6518df026ec4	4	6926	467
2020-01-04	acab183d-7b5e-4975-954a-6518df026ec4	5	4147	1808
2020-01-04	1e216c51-2034-4899-b56c-0860be526e27	1	5015	385
2020-01-04	1e216c51-2034-4899-b56c-0860be526e27	2	8815	3710
2020-01-04	1e216c51-2034-4899-b56c-0860be526e27	3	6743	4281
2020-01-04	1e216c51-2034-4899-b56c-0860be526e27	4	7321	1456
2020-01-04	1e216c51-2034-4899-b56c-0860be526e27	5	4451	3387
2020-01-04	13014d73-c4aa-4f72-bd4c-3fd7b028789e	1	5148	1479
2020-01-04	13014d73-c4aa-4f72-bd4c-3fd7b028789e	2	4344	4328
2020-01-04	13014d73-c4aa-4f72-bd4c-3fd7b028789e	3	305	34
2020-01-04	13014d73-c4aa-4f72-bd4c-3fd7b028789e	4	9622	8066
2020-01-04	13014d73-c4aa-4f72-bd4c-3fd7b028789e	5	6573	1838
2020-01-04	f744f709-98fe-449a-aab1-d8d1bfa4a38d	1	8384	8115
2020-01-04	f744f709-98fe-449a-aab1-d8d1bfa4a38d	2	3218	529
2020-01-04	f744f709-98fe-449a-aab1-d8d1bfa4a38d	3	1624	801
2020-01-04	f744f709-98fe-449a-aab1-d8d1bfa4a38d	4	7038	6805
2020-01-04	f744f709-98fe-449a-aab1-d8d1bfa4a38d	5	8836	6802
2020-01-04	b605eb9d-6110-475d-9396-8758a58234e8	1	9485	3992
2020-01-04	b605eb9d-6110-475d-9396-8758a58234e8	2	4394	457
2020-01-04	b605eb9d-6110-475d-9396-8758a58234e8	3	6430	965
2020-01-04	b605eb9d-6110-475d-9396-8758a58234e8	4	9364	5492
2020-01-04	b605eb9d-6110-475d-9396-8758a58234e8	5	1323	484
2020-01-04	325ddb8b-50ce-4666-a90b-0268fbb422f5	1	5498	1515
2020-01-04	325ddb8b-50ce-4666-a90b-0268fbb422f5	2	7454	561
2020-01-04	325ddb8b-50ce-4666-a90b-0268fbb422f5	3	7293	3129
2020-01-04	325ddb8b-50ce-4666-a90b-0268fbb422f5	4	2984	617
2020-01-04	325ddb8b-50ce-4666-a90b-0268fbb422f5	5	3467	413
2020-01-04	9076f20d-bfe6-4374-a17f-0dae61a323cf	1	9240	5616
2020-01-04	9076f20d-bfe6-4374-a17f-0dae61a323cf	2	5307	5051
2020-01-04	9076f20d-bfe6-4374-a17f-0dae61a323cf	3	4558	3219
2020-01-04	9076f20d-bfe6-4374-a17f-0dae61a323cf	4	3779	2153
2020-01-04	9076f20d-bfe6-4374-a17f-0dae61a323cf	5	6608	2768
2020-01-05	85f762a9-c1ab-4dd6-b01b-f49a65065788	1	9047	8316
2020-01-05	85f762a9-c1ab-4dd6-b01b-f49a65065788	2	3466	3308
2020-01-05	85f762a9-c1ab-4dd6-b01b-f49a65065788	3	9280	6219
2020-01-05	85f762a9-c1ab-4dd6-b01b-f49a65065788	4	5944	1388
2020-01-05	85f762a9-c1ab-4dd6-b01b-f49a65065788	5	519	481
2020-01-05	2c17082e-222f-47c0-aecd-a3a49d7c9de9	1	9583	5522
2020-01-05	2c17082e-222f-47c0-aecd-a3a49d7c9de9	2	8753	1420
2020-01-05	2c17082e-222f-47c0-aecd-a3a49d7c9de9	3	502	377
2020-01-05	2c17082e-222f-47c0-aecd-a3a49d7c9de9	4	9737	5283
2020-01-05	2c17082e-222f-47c0-aecd-a3a49d7c9de9	5	6629	5226
2020-01-05	8bf64597-ffe5-468e-9af4-d538f6d841ec	1	2783	1446
2020-01-05	8bf64597-ffe5-468e-9af4-d538f6d841ec	2	8764	4727
2020-01-05	8bf64597-ffe5-468e-9af4-d538f6d841ec	3	3111	168
2020-01-05	8bf64597-ffe5-468e-9af4-d538f6d841ec	4	5097	2006
2020-01-05	8bf64597-ffe5-468e-9af4-d538f6d841ec	5	4480	2184
2020-01-05	acab183d-7b5e-4975-954a-6518df026ec4	1	118	7
2020-01-05	acab183d-7b5e-4975-954a-6518df026ec4	2	1610	717
2020-01-05	acab183d-7b5e-4975-954a-6518df026ec4	3	2476	235
2020-01-05	acab183d-7b5e-4975-954a-6518df026ec4	4	4653	138
2020-01-05	acab183d-7b5e-4975-954a-6518df026ec4	5	7182	3658
2020-01-05	1e216c51-2034-4899-b56c-0860be526e27	1	8858	5314
2020-01-05	1e216c51-2034-4899-b56c-0860be526e27	2	8906	8882
2020-01-05	1e216c51-2034-4899-b56c-0860be526e27	3	5745	1818
2020-01-05	1e216c51-2034-4899-b56c-0860be526e27	4	7865	6597
2020-01-05	1e216c51-2034-4899-b56c-0860be526e27	5	4622	3035
2020-01-05	13014d73-c4aa-4f72-bd4c-3fd7b028789e	1	4288	2867
2020-01-05	13014d73-c4aa-4f72-bd4c-3fd7b028789e	2	9370	594
2020-01-05	13014d73-c4aa-4f72-bd4c-3fd7b028789e	3	2205	1916
2020-01-05	13014d73-c4aa-4f72-bd4c-3fd7b028789e	4	2725	2465
2020-01-05	13014d73-c4aa-4f72-bd4c-3fd7b028789e	5	6987	3357
2020-01-05	f744f709-98fe-449a-aab1-d8d1bfa4a38d	1	978	582
2020-01-05	f744f709-98fe-449a-aab1-d8d1bfa4a38d	2	3409	2614
2020-01-05	f744f709-98fe-449a-aab1-d8d1bfa4a38d	3	3182	2817
2020-01-05	f744f709-98fe-449a-aab1-d8d1bfa4a38d	4	1498	506
2020-01-05	f744f709-98fe-449a-aab1-d8d1bfa4a38d	5	9173	6875
2020-01-05	b605eb9d-6110-475d-9396-8758a58234e8	1	2947	506
2020-01-05	b605eb9d-6110-475d-9396-8758a58234e8	2	4697	2966
2020-01-05	b605eb9d-6110-475d-9396-8758a58234e8	3	1659	292
2020-01-05	b605eb9d-6110-475d-9396-8758a58234e8	4	2799	673
2020-01-05	b605eb9d-6110-475d-9396-8758a58234e8	5	3396	57
2020-01-05	325ddb8b-50ce-4666-a90b-0268fbb422f5	1	6748	5950
2020-01-05	325ddb8b-50ce-4666-a90b-0268fbb422f5	2	1845	1533
2020-01-05	325ddb8b-50ce-4666-a90b-0268fbb422f5	3	446	172
2020-01-05	325ddb8b-50ce-4666-a90b-0268fbb422f5	4	8931	1873
2020-01-05	325ddb8b-50ce-4666-a90b-0268fbb422f5	5	3579	806
2020-01-05	9076f20d-bfe6-4374-a17f-0dae61a323cf	1	582	266
2020-01-05	9076f20d-bfe6-4374-a17f-0dae61a323cf	2	5358	934
2020-01-05	9076f20d-bfe6-4374-a17f-0dae61a323cf	3	6716	4920
2020-01-05	9076f20d-bfe6-4374-a17f-0dae61a323cf	4	7905	3365
2020-01-05	9076f20d-bfe6-4374-a17f-0dae61a323cf	5	8052	1115
2020-01-06	85f762a9-c1ab-4dd6-b01b-f49a65065788	1	5969	5349
2020-01-06	85f762a9-c1ab-4dd6-b01b-f49a65065788	2	923	56
2020-01-06	85f762a9-c1ab-4dd6-b01b-f49a65065788	3	1646	731
2020-01-06	85f762a9-c1ab-4dd6-b01b-f49a65065788	4	3765	3117
2020-01-06	85f762a9-c1ab-4dd6-b01b-f49a65065788	5	3394	2959
2020-01-06	2c17082e-222f-47c0-aecd-a3a49d7c9de9	1	184	54
2020-01-06	2c17082e-222f-47c0-aecd-a3a49d7c9de9	2	1877	1221
2020-01-06	2c17082e-222f-47c0-aecd-a3a49d7c9de9	3	9814	6475
2020-01-06	2c17082e-222f-47c0-aecd-a3a49d7c9de9	4	4689	3049
2020-01-06	2c17082e-222f-47c0-aecd-a3a49d7c9de9	5	6908	6055
2020-01-06	8bf64597-ffe5-468e-9af4-d538f6d841ec	1	470	75
2020-01-06	8bf64597-ffe5-468e-9af4-d538f6d841ec	2	2678	1265
2020-01-06	8bf64597-ffe5-468e-9af4-d538f6d841ec	3	7369	4041
2020-01-06	8bf64597-ffe5-468e-9af4-d538f6d841ec	4	7268	5554
2020-01-06	8bf64597-ffe5-468e-9af4-d538f6d841ec	5	1099	94
2020-01-06	acab183d-7b5e-4975-954a-6518df026ec4	1	1639	1407
2020-01-06	acab183d-7b5e-4975-954a-6518df026ec4	2	3559	195
2020-01-06	acab183d-7b5e-4975-954a-6518df026ec4	3	5838	269
2020-01-06	acab183d-7b5e-4975-954a-6518df026ec4	4	814	127
2020-01-06	acab183d-7b5e-4975-954a-6518df026ec4	5	4610	1356
2020-01-06	1e216c51-2034-4899-b56c-0860be526e27	1	784	188
2020-01-06	1e216c51-2034-4899-b56c-0860be526e27	2	9954	2787
2020-01-06	1e216c51-2034-4899-b56c-0860be526e27	3	5532	5112
2020-01-06	1e216c51-2034-4899-b56c-0860be526e27	4	5046	3398
2020-01-06	1e216c51-2034-4899-b56c-0860be526e27	5	8334	6496
2020-01-06	13014d73-c4aa-4f72-bd4c-3fd7b028789e	1	4917	4267
2020-01-06	13014d73-c4aa-4f72-bd4c-3fd7b028789e	2	7248	3755
2020-01-06	13014d73-c4aa-4f72-bd4c-3fd7b028789e	3	4986	1497
2020-01-06	13014d73-c4aa-4f72-bd4c-3fd7b028789e	4	1327	123
2020-01-06	13014d73-c4aa-4f72-bd4c-3fd7b028789e	5	2724	780
2020-01-06	f744f709-98fe-449a-aab1-d8d1bfa4a38d	1	2566	1884
2020-01-06	f744f709-98fe-449a-aab1-d8d1bfa4a38d	2	8080	5263
2020-01-06	f744f709-98fe-449a-aab1-d8d1bfa4a38d	3	2667	225
2020-01-06	f744f709-98fe-449a-aab1-d8d1bfa4a38d	4	9864	1141
2020-01-06	f744f709-98fe-449a-aab1-d8d1bfa4a38d	5	4542	2536
2020-01-06	b605eb9d-6110-475d-9396-8758a58234e8	1	3231	2046
2020-01-06	b605eb9d-6110-475d-9396-8758a58234e8	2	4173	4157
2020-01-06	b605eb9d-6110-475d-9396-8758a58234e8	3	8848	6360
2020-01-06	b605eb9d-6110-475d-9396-8758a58234e8	4	6186	2978
2020-01-06	b605eb9d-6110-475d-9396-8758a58234e8	5	7543	5736
2020-01-06	325ddb8b-50ce-4666-a90b-0268fbb422f5	1	1867	1542
2020-01-06	325ddb8b-50ce-4666-a90b-0268fbb422f5	2	7550	4424
2020-01-06	325ddb8b-50ce-4666-a90b-0268fbb422f5	3	5923	388
2020-01-06	325ddb8b-50ce-4666-a90b-0268fbb422f5	4	2774	2076
2020-01-06	325ddb8b-50ce-4666-a90b-0268fbb422f5	5	7697	7243
2020-01-06	9076f20d-bfe6-4374-a17f-0dae61a323cf	1	4035	1948
2020-01-06	9076f20d-bfe6-4374-a17f-0dae61a323cf	2	6891	2847
2020-01-06	9076f20d-bfe6-4374-a17f-0dae61a323cf	3	8940	5365
2020-01-06	9076f20d-bfe6-4374-a17f-0dae61a323cf	4	3094	462
2020-01-06	9076f20d-bfe6-4374-a17f-0dae61a323cf	5	5330	4870
2020-01-07	85f762a9-c1ab-4dd6-b01b-f49a65065788	1	5046	4223
2020-01-07	85f762a9-c1ab-4dd6-b01b-f49a65065788	2	5569	739
2020-01-07	85f762a9-c1ab-4dd6-b01b-f49a65065788	3	2258	584
2020-01-07	85f762a9-c1ab-4dd6-b01b-f49a65065788	4	6187	5027
2020-01-07	85f762a9-c1ab-4dd6-b01b-f49a65065788	5	6694	2048
2020-01-07	2c17082e-222f-47c0-aecd-a3a49d7c9de9	1	1409	1212
2020-01-07	2c17082e-222f-47c0-aecd-a3a49d7c9de9	2	5603	248
2020-01-07	2c17082e-222f-47c0-aecd-a3a49d7c9de9	3	7442	2077
2020-01-07	2c17082e-222f-47c0-aecd-a3a49d7c9de9	4	8555	4234
2020-01-07	2c17082e-222f-47c0-aecd-a3a49d7c9de9	5	1706	366
2020-01-07	8bf64597-ffe5-468e-9af4-d538f6d841ec	1	1330	308
2020-01-07	8bf64597-ffe5-468e-9af4-d538f6d841ec	2	5974	1297
2020-01-07	8bf64597-ffe5-468e-9af4-d538f6d841ec	3	8232	3744
2020-01-07	8bf64597-ffe5-468e-9af4-d538f6d841ec	4	8968	7155
2020-01-07	8bf64597-ffe5-468e-9af4-d538f6d841ec	5	4493	911
2020-01-07	acab183d-7b5e-4975-954a-6518df026ec4	1	409	305
2020-01-07	acab183d-7b5e-4975-954a-6518df026ec4	2	6522	2926
2020-01-07	acab183d-7b5e-4975-954a-6518df026ec4	3	9349	456
2020-01-07	acab183d-7b5e-4975-954a-6518df026ec4	4	1090	171
2020-01-07	acab183d-7b5e-4975-954a-6518df026ec4	5	5447	3931
2020-01-07	1e216c51-2034-4899-b56c-0860be526e27	1	5617	4217
2020-01-07	1e216c51-2034-4899-b56c-0860be526e27	2	3177	2646
2020-01-07	1e216c51-2034-4899-b56c-0860be526e27	3	4316	1544
2020-01-07	1e216c51-2034-4899-b56c-0860be526e27	4	2937	1890
2020-01-07	1e216c51-2034-4899-b56c-0860be526e27	5	6499	5839
2020-01-07	13014d73-c4aa-4f72-bd4c-3fd7b028789e	1	1691	1065
2020-01-07	13014d73-c4aa-4f72-bd4c-3fd7b028789e	2	4519	2971
2020-01-07	13014d73-c4aa-4f72-bd4c-3fd7b028789e	3	3591	3051
2020-01-07	13014d73-c4aa-4f72-bd4c-3fd7b028789e	4	8706	3015
2020-01-07	13014d73-c4aa-4f72-bd4c-3fd7b028789e	5	4496	1701
2020-01-07	f744f709-98fe-449a-aab1-d8d1bfa4a38d	1	9491	5549
2020-01-07	f744f709-98fe-449a-aab1-d8d1bfa4a38d	2	6171	565
2020-01-07	f744f709-98fe-449a-aab1-d8d1bfa4a38d	3	3970	917
2020-01-07	f744f709-98fe-449a-aab1-d8d1bfa4a38d	4	9124	677
2020-01-07	f744f709-98fe-449a-aab1-d8d1bfa4a38d	5	1493	43
2020-01-07	b605eb9d-6110-475d-9396-8758a58234e8	1	7834	208
2020-01-07	b605eb9d-6110-475d-9396-8758a58234e8	2	8546	7520
2020-01-07	b605eb9d-6110-475d-9396-8758a58234e8	3	5215	16
2020-01-07	b605eb9d-6110-475d-9396-8758a58234e8	4	6230	1010
2020-01-07	b605eb9d-6110-475d-9396-8758a58234e8	5	9716	9622
2020-01-07	325ddb8b-50ce-4666-a90b-0268fbb422f5	1	987	123
2020-01-07	325ddb8b-50ce-4666-a90b-0268fbb422f5	2	2238	1428
2020-01-07	325ddb8b-50ce-4666-a90b-0268fbb422f5	3	9186	2552
2020-01-07	325ddb8b-50ce-4666-a90b-0268fbb422f5	4	374	348
2020-01-07	325ddb8b-50ce-4666-a90b-0268fbb422f5	5	2068	221
2020-01-07	9076f20d-bfe6-4374-a17f-0dae61a323cf	1	744	512
2020-01-07	9076f20d-bfe6-4374-a17f-0dae61a323cf	2	8937	8533
2020-01-07	9076f20d-bfe6-4374-a17f-0dae61a323cf	3	7013	5683
2020-01-07	9076f20d-bfe6-4374-a17f-0dae61a323cf	4	7847	2221
2020-01-07	9076f20d-bfe6-4374-a17f-0dae61a323cf	5	8530	7372
2020-01-08	85f762a9-c1ab-4dd6-b01b-f49a65065788	1	466	19
2020-01-08	85f762a9-c1ab-4dd6-b01b-f49a65065788	2	8354	6488
2020-01-08	85f762a9-c1ab-4dd6-b01b-f49a65065788	3	2733	1708
2020-01-08	85f762a9-c1ab-4dd6-b01b-f49a65065788	4	3245	3132
2020-01-08	85f762a9-c1ab-4dd6-b01b-f49a65065788	5	3263	2622
2020-01-08	2c17082e-222f-47c0-aecd-a3a49d7c9de9	1	9396	2669
2020-01-08	2c17082e-222f-47c0-aecd-a3a49d7c9de9	2	1697	630
2020-01-08	2c17082e-222f-47c0-aecd-a3a49d7c9de9	3	6522	3321
2020-01-08	2c17082e-222f-47c0-aecd-a3a49d7c9de9	4	9036	4626
2020-01-08	2c17082e-222f-47c0-aecd-a3a49d7c9de9	5	9463	8212
2020-01-08	8bf64597-ffe5-468e-9af4-d538f6d841ec	1	3531	3335
2020-01-08	8bf64597-ffe5-468e-9af4-d538f6d841ec	2	794	111
2020-01-08	8bf64597-ffe5-468e-9af4-d538f6d841ec	3	6334	5975
2020-01-08	8bf64597-ffe5-468e-9af4-d538f6d841ec	4	3065	474
2020-01-08	8bf64597-ffe5-468e-9af4-d538f6d841ec	5	120	50
2020-01-08	acab183d-7b5e-4975-954a-6518df026ec4	1	6716	3491
2020-01-08	acab183d-7b5e-4975-954a-6518df026ec4	2	7797	4825
2020-01-08	acab183d-7b5e-4975-954a-6518df026ec4	3	1296	1228
2020-01-08	acab183d-7b5e-4975-954a-6518df026ec4	4	4242	718
2020-01-08	acab183d-7b5e-4975-954a-6518df026ec4	5	476	321
2020-01-08	1e216c51-2034-4899-b56c-0860be526e27	1	1024	153
2020-01-08	1e216c51-2034-4899-b56c-0860be526e27	2	4349	2749
2020-01-08	1e216c51-2034-4899-b56c-0860be526e27	3	6926	2121
2020-01-08	1e216c51-2034-4899-b56c-0860be526e27	4	6022	1471
2020-01-08	1e216c51-2034-4899-b56c-0860be526e27	5	5407	594
2020-01-08	13014d73-c4aa-4f72-bd4c-3fd7b028789e	1	3294	1783
2020-01-08	13014d73-c4aa-4f72-bd4c-3fd7b028789e	2	5756	2206
2020-01-08	13014d73-c4aa-4f72-bd4c-3fd7b028789e	3	3348	2940
2020-01-08	13014d73-c4aa-4f72-bd4c-3fd7b028789e	4	7996	103
2020-01-08	13014d73-c4aa-4f72-bd4c-3fd7b028789e	5	8213	7077
2020-01-08	f744f709-98fe-449a-aab1-d8d1bfa4a38d	1	3424	2169
2020-01-08	f744f709-98fe-449a-aab1-d8d1bfa4a38d	2	8546	4901
2020-01-08	f744f709-98fe-449a-aab1-d8d1bfa4a38d	3	9465	3090
2020-01-08	f744f709-98fe-449a-aab1-d8d1bfa4a38d	4	3745	2174
2020-01-08	f744f709-98fe-449a-aab1-d8d1bfa4a38d	5	4341	3335
2020-01-08	b605eb9d-6110-475d-9396-8758a58234e8	1	3413	3392
2020-01-08	b605eb9d-6110-475d-9396-8758a58234e8	2	3236	1730
2020-01-08	b605eb9d-6110-475d-9396-8758a58234e8	3	8415	1719
2020-01-08	b605eb9d-6110-475d-9396-8758a58234e8	4	616	179
2020-01-08	b605eb9d-6110-475d-9396-8758a58234e8	5	5892	5262
2020-01-08	325ddb8b-50ce-4666-a90b-0268fbb422f5	1	7536	7467
2020-01-08	325ddb8b-50ce-4666-a90b-0268fbb422f5	2	8800	6608
2020-01-08	325ddb8b-50ce-4666-a90b-0268fbb422f5	3	7752	1254
2020-01-08	325ddb8b-50ce-4666-a90b-0268fbb422f5	4	8842	6681
2020-01-08	325ddb8b-50ce-4666-a90b-0268fbb422f5	5	4066	2305
2020-01-08	9076f20d-bfe6-4374-a17f-0dae61a323cf	1	7104	4451
2020-01-08	9076f20d-bfe6-4374-a17f-0dae61a323cf	2	543	452
2020-01-08	9076f20d-bfe6-4374-a17f-0dae61a323cf	3	2846	1832
2020-01-08	9076f20d-bfe6-4374-a17f-0dae61a323cf	4	6542	5737
2020-01-08	9076f20d-bfe6-4374-a17f-0dae61a323cf	5	5800	3207
2020-01-09	85f762a9-c1ab-4dd6-b01b-f49a65065788	1	7937	5778
2020-01-09	85f762a9-c1ab-4dd6-b01b-f49a65065788	2	882	189
2020-01-09	85f762a9-c1ab-4dd6-b01b-f49a65065788	3	8571	4617
2020-01-09	85f762a9-c1ab-4dd6-b01b-f49a65065788	4	3076	1942
2020-01-09	85f762a9-c1ab-4dd6-b01b-f49a65065788	5	8089	758
2020-01-09	2c17082e-222f-47c0-aecd-a3a49d7c9de9	1	6914	6889
2020-01-09	2c17082e-222f-47c0-aecd-a3a49d7c9de9	2	4797	2141
2020-01-09	2c17082e-222f-47c0-aecd-a3a49d7c9de9	3	1000	10
2020-01-09	2c17082e-222f-47c0-aecd-a3a49d7c9de9	4	9455	1261
2020-01-09	2c17082e-222f-47c0-aecd-a3a49d7c9de9	5	928	539
2020-01-09	8bf64597-ffe5-468e-9af4-d538f6d841ec	1	547	417
2020-01-09	8bf64597-ffe5-468e-9af4-d538f6d841ec	2	741	536
2020-01-09	8bf64597-ffe5-468e-9af4-d538f6d841ec	3	4626	3787
2020-01-09	8bf64597-ffe5-468e-9af4-d538f6d841ec	4	9350	4201
2020-01-09	8bf64597-ffe5-468e-9af4-d538f6d841ec	5	680	75
2020-01-09	acab183d-7b5e-4975-954a-6518df026ec4	1	7360	4960
2020-01-09	acab183d-7b5e-4975-954a-6518df026ec4	2	7513	4229
2020-01-09	acab183d-7b5e-4975-954a-6518df026ec4	3	5173	2111
2020-01-09	acab183d-7b5e-4975-954a-6518df026ec4	4	2808	1819
2020-01-09	acab183d-7b5e-4975-954a-6518df026ec4	5	4126	2852
2020-01-09	1e216c51-2034-4899-b56c-0860be526e27	1	7100	773
2020-01-09	1e216c51-2034-4899-b56c-0860be526e27	2	8347	1410
2020-01-09	1e216c51-2034-4899-b56c-0860be526e27	3	9819	375
2020-01-09	1e216c51-2034-4899-b56c-0860be526e27	4	5314	457
2020-01-09	1e216c51-2034-4899-b56c-0860be526e27	5	128	47
2020-01-09	13014d73-c4aa-4f72-bd4c-3fd7b028789e	1	9082	8498
2020-01-09	13014d73-c4aa-4f72-bd4c-3fd7b028789e	2	1109	348
2020-01-09	13014d73-c4aa-4f72-bd4c-3fd7b028789e	3	4279	2859
2020-01-09	13014d73-c4aa-4f72-bd4c-3fd7b028789e	4	4623	651
2020-01-09	13014d73-c4aa-4f72-bd4c-3fd7b028789e	5	4699	2228
2020-01-09	f744f709-98fe-449a-aab1-d8d1bfa4a38d	1	3459	59
2020-01-09	f744f709-98fe-449a-aab1-d8d1bfa4a38d	2	608	373
2020-01-09	f744f709-98fe-449a-aab1-d8d1bfa4a38d	3	6876	6698
2020-01-09	f744f709-98fe-449a-aab1-d8d1bfa4a38d	4	2964	1956
2020-01-09	f744f709-98fe-449a-aab1-d8d1bfa4a38d	5	5467	289
2020-01-09	b605eb9d-6110-475d-9396-8758a58234e8	1	3590	1401
2020-01-09	b605eb9d-6110-475d-9396-8758a58234e8	2	9728	9081
2020-01-09	b605eb9d-6110-475d-9396-8758a58234e8	3	2022	1896
2020-01-09	b605eb9d-6110-475d-9396-8758a58234e8	4	5172	2254
2020-01-09	b605eb9d-6110-475d-9396-8758a58234e8	5	448	136
2020-01-09	325ddb8b-50ce-4666-a90b-0268fbb422f5	1	8631	8308
2020-01-09	325ddb8b-50ce-4666-a90b-0268fbb422f5	2	4995	1592
2020-01-09	325ddb8b-50ce-4666-a90b-0268fbb422f5	3	9351	3891
2020-01-09	325ddb8b-50ce-4666-a90b-0268fbb422f5	4	7746	5961
2020-01-09	325ddb8b-50ce-4666-a90b-0268fbb422f5	5	9222	6403
2020-01-09	9076f20d-bfe6-4374-a17f-0dae61a323cf	1	2658	2547
2020-01-09	9076f20d-bfe6-4374-a17f-0dae61a323cf	2	1562	278
2020-01-09	9076f20d-bfe6-4374-a17f-0dae61a323cf	3	1298	739
2020-01-09	9076f20d-bfe6-4374-a17f-0dae61a323cf	4	5767	3393
2020-01-09	9076f20d-bfe6-4374-a17f-0dae61a323cf	5	5788	1132
2020-01-10	85f762a9-c1ab-4dd6-b01b-f49a65065788	1	2067	1428
2020-01-10	85f762a9-c1ab-4dd6-b01b-f49a65065788	2	5518	1171
2020-01-10	85f762a9-c1ab-4dd6-b01b-f49a65065788	3	9230	6836
2020-01-10	85f762a9-c1ab-4dd6-b01b-f49a65065788	4	4406	731
2020-01-10	85f762a9-c1ab-4dd6-b01b-f49a65065788	5	7010	1642
2020-01-10	2c17082e-222f-47c0-aecd-a3a49d7c9de9	1	2020	327
2020-01-10	2c17082e-222f-47c0-aecd-a3a49d7c9de9	2	3623	114
2020-01-10	2c17082e-222f-47c0-aecd-a3a49d7c9de9	3	2410	880
2020-01-10	2c17082e-222f-47c0-aecd-a3a49d7c9de9	4	8606	2730
2020-01-10	2c17082e-222f-47c0-aecd-a3a49d7c9de9	5	8243	795
2020-01-10	8bf64597-ffe5-468e-9af4-d538f6d841ec	1	5971	113
2020-01-10	8bf64597-ffe5-468e-9af4-d538f6d841ec	2	7884	2611
2020-01-10	8bf64597-ffe5-468e-9af4-d538f6d841ec	3	9439	2346
2020-01-10	8bf64597-ffe5-468e-9af4-d538f6d841ec	4	4377	1552
2020-01-10	8bf64597-ffe5-468e-9af4-d538f6d841ec	5	4757	48
2020-01-10	acab183d-7b5e-4975-954a-6518df026ec4	1	6127	82
2020-01-10	acab183d-7b5e-4975-954a-6518df026ec4	2	3231	1940
2020-01-10	acab183d-7b5e-4975-954a-6518df026ec4	3	7145	5968
2020-01-10	acab183d-7b5e-4975-954a-6518df026ec4	4	9646	4415
2020-01-10	acab183d-7b5e-4975-954a-6518df026ec4	5	2588	344
2020-01-10	1e216c51-2034-4899-b56c-0860be526e27	1	9164	8861
2020-01-10	1e216c51-2034-4899-b56c-0860be526e27	2	5193	799
2020-01-10	1e216c51-2034-4899-b56c-0860be526e27	3	1655	115
2020-01-10	1e216c51-2034-4899-b56c-0860be526e27	4	3673	1498
2020-01-10	1e216c51-2034-4899-b56c-0860be526e27	5	6823	818
2020-01-10	13014d73-c4aa-4f72-bd4c-3fd7b028789e	1	7212	3047
2020-01-10	13014d73-c4aa-4f72-bd4c-3fd7b028789e	2	7273	1052
2020-01-10	13014d73-c4aa-4f72-bd4c-3fd7b028789e	3	7955	7226
2020-01-10	13014d73-c4aa-4f72-bd4c-3fd7b028789e	4	583	261
2020-01-10	13014d73-c4aa-4f72-bd4c-3fd7b028789e	5	7221	4783
2020-01-10	f744f709-98fe-449a-aab1-d8d1bfa4a38d	1	7152	1434
2020-01-10	f744f709-98fe-449a-aab1-d8d1bfa4a38d	2	6598	3748
2020-01-10	f744f709-98fe-449a-aab1-d8d1bfa4a38d	3	6195	2562
2020-01-10	f744f709-98fe-449a-aab1-d8d1bfa4a38d	4	8240	7625
2020-01-10	f744f709-98fe-449a-aab1-d8d1bfa4a38d	5	7895	2870
2020-01-10	b605eb9d-6110-475d-9396-8758a58234e8	1	9567	4354
2020-01-10	b605eb9d-6110-475d-9396-8758a58234e8	2	8792	3058
2020-01-10	b605eb9d-6110-475d-9396-8758a58234e8	3	6011	5155
2020-01-10	b605eb9d-6110-475d-9396-8758a58234e8	4	3349	1628
2020-01-10	b605eb9d-6110-475d-9396-8758a58234e8	5	3405	3275
2020-01-10	325ddb8b-50ce-4666-a90b-0268fbb422f5	1	726	343
2020-01-10	325ddb8b-50ce-4666-a90b-0268fbb422f5	2	2027	673
2020-01-10	325ddb8b-50ce-4666-a90b-0268fbb422f5	3	5414	4982
2020-01-10	325ddb8b-50ce-4666-a90b-0268fbb422f5	4	8598	6148
2020-01-10	325ddb8b-50ce-4666-a90b-0268fbb422f5	5	4443	1936
2020-01-10	9076f20d-bfe6-4374-a17f-0dae61a323cf	1	5873	4458
2020-01-10	9076f20d-bfe6-4374-a17f-0dae61a323cf	2	6163	3346
2020-01-10	9076f20d-bfe6-4374-a17f-0dae61a323cf	3	1567	1517
2020-01-10	9076f20d-bfe6-4374-a17f-0dae61a323cf	4	739	60
2020-01-10	9076f20d-bfe6-4374-a17f-0dae61a323cf	5	572	391
2020-01-11	85f762a9-c1ab-4dd6-b01b-f49a65065788	1	2602	992
2020-01-11	85f762a9-c1ab-4dd6-b01b-f49a65065788	2	7400	6140
2020-01-11	85f762a9-c1ab-4dd6-b01b-f49a65065788	3	9688	9129
2020-01-11	85f762a9-c1ab-4dd6-b01b-f49a65065788	4	4655	3396
2020-01-11	85f762a9-c1ab-4dd6-b01b-f49a65065788	5	1698	141
2020-01-11	2c17082e-222f-47c0-aecd-a3a49d7c9de9	1	2274	1066
2020-01-11	2c17082e-222f-47c0-aecd-a3a49d7c9de9	2	339	77
2020-01-11	2c17082e-222f-47c0-aecd-a3a49d7c9de9	3	6906	688
2020-01-11	2c17082e-222f-47c0-aecd-a3a49d7c9de9	4	7146	3216
2020-01-11	2c17082e-222f-47c0-aecd-a3a49d7c9de9	5	9406	4461
2020-01-11	8bf64597-ffe5-468e-9af4-d538f6d841ec	1	8030	464
2020-01-11	8bf64597-ffe5-468e-9af4-d538f6d841ec	2	8	4
2020-01-11	8bf64597-ffe5-468e-9af4-d538f6d841ec	3	6088	1633
2020-01-11	8bf64597-ffe5-468e-9af4-d538f6d841ec	4	3667	3295
2020-01-11	8bf64597-ffe5-468e-9af4-d538f6d841ec	5	6065	6028
2020-01-11	acab183d-7b5e-4975-954a-6518df026ec4	1	1847	1295
2020-01-11	acab183d-7b5e-4975-954a-6518df026ec4	2	3520	1701
2020-01-11	acab183d-7b5e-4975-954a-6518df026ec4	3	833	350
2020-01-11	acab183d-7b5e-4975-954a-6518df026ec4	4	7632	2164
2020-01-11	acab183d-7b5e-4975-954a-6518df026ec4	5	1854	1791
2020-01-11	1e216c51-2034-4899-b56c-0860be526e27	1	8759	2683
2020-01-11	1e216c51-2034-4899-b56c-0860be526e27	2	5144	3421
2020-01-11	1e216c51-2034-4899-b56c-0860be526e27	3	7811	3232
2020-01-11	1e216c51-2034-4899-b56c-0860be526e27	4	5451	1034
2020-01-11	1e216c51-2034-4899-b56c-0860be526e27	5	9990	2850
2020-01-11	13014d73-c4aa-4f72-bd4c-3fd7b028789e	1	6223	3697
2020-01-11	13014d73-c4aa-4f72-bd4c-3fd7b028789e	2	3848	323
2020-01-11	13014d73-c4aa-4f72-bd4c-3fd7b028789e	3	2010	1515
2020-01-11	13014d73-c4aa-4f72-bd4c-3fd7b028789e	4	4652	443
2020-01-11	13014d73-c4aa-4f72-bd4c-3fd7b028789e	5	9759	4540
2020-01-11	f744f709-98fe-449a-aab1-d8d1bfa4a38d	1	793	17
2020-01-11	f744f709-98fe-449a-aab1-d8d1bfa4a38d	2	9332	3316
2020-01-11	f744f709-98fe-449a-aab1-d8d1bfa4a38d	3	4141	1172
2020-01-11	f744f709-98fe-449a-aab1-d8d1bfa4a38d	4	9869	4016
2020-01-11	f744f709-98fe-449a-aab1-d8d1bfa4a38d	5	7079	1772
2020-01-11	b605eb9d-6110-475d-9396-8758a58234e8	1	9282	4441
2020-01-11	b605eb9d-6110-475d-9396-8758a58234e8	2	9918	4025
2020-01-11	b605eb9d-6110-475d-9396-8758a58234e8	3	143	43
2020-01-11	b605eb9d-6110-475d-9396-8758a58234e8	4	9535	5308
2020-01-11	b605eb9d-6110-475d-9396-8758a58234e8	5	7051	6937
2020-01-11	325ddb8b-50ce-4666-a90b-0268fbb422f5	1	7271	3567
2020-01-11	325ddb8b-50ce-4666-a90b-0268fbb422f5	2	2890	241
2020-01-11	325ddb8b-50ce-4666-a90b-0268fbb422f5	3	4119	784
2020-01-11	325ddb8b-50ce-4666-a90b-0268fbb422f5	4	9045	714
2020-01-11	325ddb8b-50ce-4666-a90b-0268fbb422f5	5	5957	3014
2020-01-11	9076f20d-bfe6-4374-a17f-0dae61a323cf	1	7862	2672
2020-01-11	9076f20d-bfe6-4374-a17f-0dae61a323cf	2	3535	2136
2020-01-11	9076f20d-bfe6-4374-a17f-0dae61a323cf	3	5708	4593
2020-01-11	9076f20d-bfe6-4374-a17f-0dae61a323cf	4	8155	2664
2020-01-11	9076f20d-bfe6-4374-a17f-0dae61a323cf	5	6168	5486
2020-01-12	85f762a9-c1ab-4dd6-b01b-f49a65065788	1	7162	3839
2020-01-12	85f762a9-c1ab-4dd6-b01b-f49a65065788	2	8224	3754
2020-01-12	85f762a9-c1ab-4dd6-b01b-f49a65065788	3	9073	7459
2020-01-12	85f762a9-c1ab-4dd6-b01b-f49a65065788	4	8680	2991
2020-01-12	85f762a9-c1ab-4dd6-b01b-f49a65065788	5	2378	256
2020-01-12	2c17082e-222f-47c0-aecd-a3a49d7c9de9	1	739	401
2020-01-12	2c17082e-222f-47c0-aecd-a3a49d7c9de9	2	9548	159
2020-01-12	2c17082e-222f-47c0-aecd-a3a49d7c9de9	3	376	167
2020-01-12	2c17082e-222f-47c0-aecd-a3a49d7c9de9	4	9166	1200
2020-01-12	2c17082e-222f-47c0-aecd-a3a49d7c9de9	5	4209	258
2020-01-12	8bf64597-ffe5-468e-9af4-d538f6d841ec	1	7159	2858
2020-01-12	8bf64597-ffe5-468e-9af4-d538f6d841ec	2	7090	4681
2020-01-12	8bf64597-ffe5-468e-9af4-d538f6d841ec	3	2286	1075
2020-01-12	8bf64597-ffe5-468e-9af4-d538f6d841ec	4	4071	1651
2020-01-12	8bf64597-ffe5-468e-9af4-d538f6d841ec	5	9230	6185
2020-01-12	acab183d-7b5e-4975-954a-6518df026ec4	1	8628	4389
2020-01-12	acab183d-7b5e-4975-954a-6518df026ec4	2	9060	8945
2020-01-12	acab183d-7b5e-4975-954a-6518df026ec4	3	1740	1052
2020-01-12	acab183d-7b5e-4975-954a-6518df026ec4	4	4626	172
2020-01-12	acab183d-7b5e-4975-954a-6518df026ec4	5	7428	3700
2020-01-12	1e216c51-2034-4899-b56c-0860be526e27	1	7067	7036
2020-01-12	1e216c51-2034-4899-b56c-0860be526e27	2	1383	502
2020-01-12	1e216c51-2034-4899-b56c-0860be526e27	3	555	246
2020-01-12	1e216c51-2034-4899-b56c-0860be526e27	4	4224	2544
2020-01-12	1e216c51-2034-4899-b56c-0860be526e27	5	4977	3537
2020-01-12	13014d73-c4aa-4f72-bd4c-3fd7b028789e	1	5446	884
2020-01-12	13014d73-c4aa-4f72-bd4c-3fd7b028789e	2	2986	1549
2020-01-12	13014d73-c4aa-4f72-bd4c-3fd7b028789e	3	9808	2299
2020-01-12	13014d73-c4aa-4f72-bd4c-3fd7b028789e	4	987	407
2020-01-12	13014d73-c4aa-4f72-bd4c-3fd7b028789e	5	6921	2144
2020-01-12	f744f709-98fe-449a-aab1-d8d1bfa4a38d	1	8118	1592
2020-01-12	f744f709-98fe-449a-aab1-d8d1bfa4a38d	2	6036	4941
2020-01-12	f744f709-98fe-449a-aab1-d8d1bfa4a38d	3	9295	1075
2020-01-12	f744f709-98fe-449a-aab1-d8d1bfa4a38d	4	5805	5485
2020-01-12	f744f709-98fe-449a-aab1-d8d1bfa4a38d	5	3385	2631
2020-01-12	b605eb9d-6110-475d-9396-8758a58234e8	1	2571	1886
2020-01-12	b605eb9d-6110-475d-9396-8758a58234e8	2	5568	4735
2020-01-12	b605eb9d-6110-475d-9396-8758a58234e8	3	6635	2120
2020-01-12	b605eb9d-6110-475d-9396-8758a58234e8	4	8490	3645
2020-01-12	b605eb9d-6110-475d-9396-8758a58234e8	5	921	813
2020-01-12	325ddb8b-50ce-4666-a90b-0268fbb422f5	1	3264	1824
2020-01-12	325ddb8b-50ce-4666-a90b-0268fbb422f5	2	5910	2634
2020-01-12	325ddb8b-50ce-4666-a90b-0268fbb422f5	3	8650	313
2020-01-12	325ddb8b-50ce-4666-a90b-0268fbb422f5	4	672	306
2020-01-12	325ddb8b-50ce-4666-a90b-0268fbb422f5	5	1821	1718
2020-01-12	9076f20d-bfe6-4374-a17f-0dae61a323cf	1	6039	3701
2020-01-12	9076f20d-bfe6-4374-a17f-0dae61a323cf	2	6687	4770
2020-01-12	9076f20d-bfe6-4374-a17f-0dae61a323cf	3	1844	1236
2020-01-12	9076f20d-bfe6-4374-a17f-0dae61a323cf	4	1351	1179
2020-01-12	9076f20d-bfe6-4374-a17f-0dae61a323cf	5	3117	793
2020-01-13	85f762a9-c1ab-4dd6-b01b-f49a65065788	1	1197	127
2020-01-13	85f762a9-c1ab-4dd6-b01b-f49a65065788	2	9706	3144
2020-01-13	85f762a9-c1ab-4dd6-b01b-f49a65065788	3	7495	4448
2020-01-13	85f762a9-c1ab-4dd6-b01b-f49a65065788	4	7046	5189
2020-01-13	85f762a9-c1ab-4dd6-b01b-f49a65065788	5	400	59
2020-01-13	2c17082e-222f-47c0-aecd-a3a49d7c9de9	1	9782	748
2020-01-13	2c17082e-222f-47c0-aecd-a3a49d7c9de9	2	2126	234
2020-01-13	2c17082e-222f-47c0-aecd-a3a49d7c9de9	3	9261	4142
2020-01-13	2c17082e-222f-47c0-aecd-a3a49d7c9de9	4	8985	7992
2020-01-13	2c17082e-222f-47c0-aecd-a3a49d7c9de9	5	6811	3847
2020-01-13	8bf64597-ffe5-468e-9af4-d538f6d841ec	1	3187	2314
2020-01-13	8bf64597-ffe5-468e-9af4-d538f6d841ec	2	6911	4342
2020-01-13	8bf64597-ffe5-468e-9af4-d538f6d841ec	3	8942	5004
2020-01-13	8bf64597-ffe5-468e-9af4-d538f6d841ec	4	4989	3758
2020-01-13	8bf64597-ffe5-468e-9af4-d538f6d841ec	5	1031	505
2020-01-13	acab183d-7b5e-4975-954a-6518df026ec4	1	2253	1293
2020-01-13	acab183d-7b5e-4975-954a-6518df026ec4	2	9125	451
2020-01-13	acab183d-7b5e-4975-954a-6518df026ec4	3	6722	3652
2020-01-13	acab183d-7b5e-4975-954a-6518df026ec4	4	2715	1302
2020-01-13	acab183d-7b5e-4975-954a-6518df026ec4	5	7292	5122
2020-01-13	1e216c51-2034-4899-b56c-0860be526e27	1	9068	6082
2020-01-13	1e216c51-2034-4899-b56c-0860be526e27	2	1864	156
2020-01-13	1e216c51-2034-4899-b56c-0860be526e27	3	5027	4729
2020-01-13	1e216c51-2034-4899-b56c-0860be526e27	4	5849	4818
2020-01-13	1e216c51-2034-4899-b56c-0860be526e27	5	1585	1196
2020-01-13	13014d73-c4aa-4f72-bd4c-3fd7b028789e	1	3664	2299
2020-01-13	13014d73-c4aa-4f72-bd4c-3fd7b028789e	2	2456	2091
2020-01-13	13014d73-c4aa-4f72-bd4c-3fd7b028789e	3	3185	2236
2020-01-13	13014d73-c4aa-4f72-bd4c-3fd7b028789e	4	7435	4674
2020-01-13	13014d73-c4aa-4f72-bd4c-3fd7b028789e	5	5899	3638
2020-01-13	f744f709-98fe-449a-aab1-d8d1bfa4a38d	1	8120	4291
2020-01-13	f744f709-98fe-449a-aab1-d8d1bfa4a38d	2	7553	5433
2020-01-13	f744f709-98fe-449a-aab1-d8d1bfa4a38d	3	8763	1642
2020-01-13	f744f709-98fe-449a-aab1-d8d1bfa4a38d	4	4628	3149
2020-01-13	f744f709-98fe-449a-aab1-d8d1bfa4a38d	5	4037	1761
2020-01-13	b605eb9d-6110-475d-9396-8758a58234e8	1	3770	2657
2020-01-13	b605eb9d-6110-475d-9396-8758a58234e8	2	6348	3068
2020-01-13	b605eb9d-6110-475d-9396-8758a58234e8	3	8746	633
2020-01-13	b605eb9d-6110-475d-9396-8758a58234e8	4	7603	2678
2020-01-13	b605eb9d-6110-475d-9396-8758a58234e8	5	4361	885
2020-01-13	325ddb8b-50ce-4666-a90b-0268fbb422f5	1	8383	1358
2020-01-13	325ddb8b-50ce-4666-a90b-0268fbb422f5	2	8474	6961
2020-01-13	325ddb8b-50ce-4666-a90b-0268fbb422f5	3	7424	3342
2020-01-13	325ddb8b-50ce-4666-a90b-0268fbb422f5	4	5547	3868
2020-01-13	325ddb8b-50ce-4666-a90b-0268fbb422f5	5	8424	2715
2020-01-13	9076f20d-bfe6-4374-a17f-0dae61a323cf	1	6022	5381
2020-01-13	9076f20d-bfe6-4374-a17f-0dae61a323cf	2	6337	4895
2020-01-13	9076f20d-bfe6-4374-a17f-0dae61a323cf	3	9141	3579
2020-01-13	9076f20d-bfe6-4374-a17f-0dae61a323cf	4	6729	1219
2020-01-13	9076f20d-bfe6-4374-a17f-0dae61a323cf	5	1779	1344
2020-01-14	85f762a9-c1ab-4dd6-b01b-f49a65065788	1	4343	301
2020-01-14	85f762a9-c1ab-4dd6-b01b-f49a65065788	2	3374	767
2020-01-14	85f762a9-c1ab-4dd6-b01b-f49a65065788	3	3962	2846
2020-01-14	85f762a9-c1ab-4dd6-b01b-f49a65065788	4	6715	257
2020-01-14	85f762a9-c1ab-4dd6-b01b-f49a65065788	5	6928	2478
2020-01-14	2c17082e-222f-47c0-aecd-a3a49d7c9de9	1	6123	1571
2020-01-14	2c17082e-222f-47c0-aecd-a3a49d7c9de9	2	2354	1219
2020-01-14	2c17082e-222f-47c0-aecd-a3a49d7c9de9	3	4726	2117
2020-01-14	2c17082e-222f-47c0-aecd-a3a49d7c9de9	4	3805	1329
2020-01-14	2c17082e-222f-47c0-aecd-a3a49d7c9de9	5	6057	1733
2020-01-14	8bf64597-ffe5-468e-9af4-d538f6d841ec	1	6331	664
2020-01-14	8bf64597-ffe5-468e-9af4-d538f6d841ec	2	8865	5257
2020-01-14	8bf64597-ffe5-468e-9af4-d538f6d841ec	3	2182	1836
2020-01-14	8bf64597-ffe5-468e-9af4-d538f6d841ec	4	4825	1266
2020-01-14	8bf64597-ffe5-468e-9af4-d538f6d841ec	5	6194	2085
2020-01-14	acab183d-7b5e-4975-954a-6518df026ec4	1	488	284
2020-01-14	acab183d-7b5e-4975-954a-6518df026ec4	2	6807	4960
2020-01-14	acab183d-7b5e-4975-954a-6518df026ec4	3	6045	2415
2020-01-14	acab183d-7b5e-4975-954a-6518df026ec4	4	9960	7897
2020-01-14	acab183d-7b5e-4975-954a-6518df026ec4	5	5382	2899
2020-01-14	1e216c51-2034-4899-b56c-0860be526e27	1	6978	4035
2020-01-14	1e216c51-2034-4899-b56c-0860be526e27	2	2584	1968
2020-01-14	1e216c51-2034-4899-b56c-0860be526e27	3	5786	190
2020-01-14	1e216c51-2034-4899-b56c-0860be526e27	4	2106	1312
2020-01-14	1e216c51-2034-4899-b56c-0860be526e27	5	6500	4889
2020-01-14	13014d73-c4aa-4f72-bd4c-3fd7b028789e	1	9453	5646
2020-01-14	13014d73-c4aa-4f72-bd4c-3fd7b028789e	2	7351	2537
2020-01-14	13014d73-c4aa-4f72-bd4c-3fd7b028789e	3	3937	223
2020-01-14	13014d73-c4aa-4f72-bd4c-3fd7b028789e	4	5784	1662
2020-01-14	13014d73-c4aa-4f72-bd4c-3fd7b028789e	5	4322	665
2020-01-14	f744f709-98fe-449a-aab1-d8d1bfa4a38d	1	2222	1636
2020-01-14	f744f709-98fe-449a-aab1-d8d1bfa4a38d	2	98	43
2020-01-14	f744f709-98fe-449a-aab1-d8d1bfa4a38d	3	5116	4718
2020-01-14	f744f709-98fe-449a-aab1-d8d1bfa4a38d	4	6088	3791
2020-01-14	f744f709-98fe-449a-aab1-d8d1bfa4a38d	5	4138	3319
2020-01-14	b605eb9d-6110-475d-9396-8758a58234e8	1	7422	1608
2020-01-14	b605eb9d-6110-475d-9396-8758a58234e8	2	6598	1506
2020-01-14	b605eb9d-6110-475d-9396-8758a58234e8	3	2895	574
2020-01-14	b605eb9d-6110-475d-9396-8758a58234e8	4	8102	706
2020-01-14	b605eb9d-6110-475d-9396-8758a58234e8	5	3308	1434
2020-01-14	325ddb8b-50ce-4666-a90b-0268fbb422f5	1	3575	1830
2020-01-14	325ddb8b-50ce-4666-a90b-0268fbb422f5	2	6232	4709
2020-01-14	325ddb8b-50ce-4666-a90b-0268fbb422f5	3	953	141
2020-01-14	325ddb8b-50ce-4666-a90b-0268fbb422f5	4	5009	2083
2020-01-14	325ddb8b-50ce-4666-a90b-0268fbb422f5	5	7108	256
2020-01-14	9076f20d-bfe6-4374-a17f-0dae61a323cf	1	5817	5565
2020-01-14	9076f20d-bfe6-4374-a17f-0dae61a323cf	2	4125	2743
2020-01-14	9076f20d-bfe6-4374-a17f-0dae61a323cf	3	1104	930
2020-01-14	9076f20d-bfe6-4374-a17f-0dae61a323cf	4	3213	2601
2020-01-14	9076f20d-bfe6-4374-a17f-0dae61a323cf	5	3947	170
2020-01-15	85f762a9-c1ab-4dd6-b01b-f49a65065788	1	9514	8756
2020-01-15	85f762a9-c1ab-4dd6-b01b-f49a65065788	2	7063	6098
2020-01-15	85f762a9-c1ab-4dd6-b01b-f49a65065788	3	9701	8108
2020-01-15	85f762a9-c1ab-4dd6-b01b-f49a65065788	4	325	54
2020-01-15	85f762a9-c1ab-4dd6-b01b-f49a65065788	5	8447	2883
2020-01-15	2c17082e-222f-47c0-aecd-a3a49d7c9de9	1	1492	72
2020-01-15	2c17082e-222f-47c0-aecd-a3a49d7c9de9	2	4279	2631
2020-01-15	2c17082e-222f-47c0-aecd-a3a49d7c9de9	3	8719	7352
2020-01-15	2c17082e-222f-47c0-aecd-a3a49d7c9de9	4	7121	3017
2020-01-15	2c17082e-222f-47c0-aecd-a3a49d7c9de9	5	9449	5384
2020-01-15	8bf64597-ffe5-468e-9af4-d538f6d841ec	1	3300	176
2020-01-15	8bf64597-ffe5-468e-9af4-d538f6d841ec	2	525	106
2020-01-15	8bf64597-ffe5-468e-9af4-d538f6d841ec	3	1142	506
2020-01-15	8bf64597-ffe5-468e-9af4-d538f6d841ec	4	4545	2443
2020-01-15	8bf64597-ffe5-468e-9af4-d538f6d841ec	5	4573	3684
2020-01-15	acab183d-7b5e-4975-954a-6518df026ec4	1	9096	183
2020-01-15	acab183d-7b5e-4975-954a-6518df026ec4	2	1784	309
2020-01-15	acab183d-7b5e-4975-954a-6518df026ec4	3	3051	1616
2020-01-15	acab183d-7b5e-4975-954a-6518df026ec4	4	3316	366
2020-01-15	acab183d-7b5e-4975-954a-6518df026ec4	5	4392	3627
2020-01-15	1e216c51-2034-4899-b56c-0860be526e27	1	9986	2566
2020-01-15	1e216c51-2034-4899-b56c-0860be526e27	2	2550	2331
2020-01-15	1e216c51-2034-4899-b56c-0860be526e27	3	527	222
2020-01-15	1e216c51-2034-4899-b56c-0860be526e27	4	399	102
2020-01-15	1e216c51-2034-4899-b56c-0860be526e27	5	7407	2265
2020-01-15	13014d73-c4aa-4f72-bd4c-3fd7b028789e	1	1107	552
2020-01-15	13014d73-c4aa-4f72-bd4c-3fd7b028789e	2	4381	2869
2020-01-15	13014d73-c4aa-4f72-bd4c-3fd7b028789e	3	8508	6431
2020-01-15	13014d73-c4aa-4f72-bd4c-3fd7b028789e	4	9450	1292
2020-01-15	13014d73-c4aa-4f72-bd4c-3fd7b028789e	5	9069	643
2020-01-15	f744f709-98fe-449a-aab1-d8d1bfa4a38d	1	7648	3288
2020-01-15	f744f709-98fe-449a-aab1-d8d1bfa4a38d	2	5348	4625
2020-01-15	f744f709-98fe-449a-aab1-d8d1bfa4a38d	3	851	397
2020-01-15	f744f709-98fe-449a-aab1-d8d1bfa4a38d	4	8925	25
2020-01-15	f744f709-98fe-449a-aab1-d8d1bfa4a38d	5	9673	2246
2020-01-15	b605eb9d-6110-475d-9396-8758a58234e8	1	1093	602
2020-01-15	b605eb9d-6110-475d-9396-8758a58234e8	2	1355	179
2020-01-15	b605eb9d-6110-475d-9396-8758a58234e8	3	4477	4352
2020-01-15	b605eb9d-6110-475d-9396-8758a58234e8	4	9966	9438
2020-01-15	b605eb9d-6110-475d-9396-8758a58234e8	5	4674	1019
2020-01-15	325ddb8b-50ce-4666-a90b-0268fbb422f5	1	9560	702
2020-01-15	325ddb8b-50ce-4666-a90b-0268fbb422f5	2	4169	3068
2020-01-15	325ddb8b-50ce-4666-a90b-0268fbb422f5	3	6533	269
2020-01-15	325ddb8b-50ce-4666-a90b-0268fbb422f5	4	1421	146
2020-01-15	325ddb8b-50ce-4666-a90b-0268fbb422f5	5	2089	1498
2020-01-15	9076f20d-bfe6-4374-a17f-0dae61a323cf	1	2300	100
2020-01-15	9076f20d-bfe6-4374-a17f-0dae61a323cf	2	5178	68
2020-01-15	9076f20d-bfe6-4374-a17f-0dae61a323cf	3	9461	6078
2020-01-15	9076f20d-bfe6-4374-a17f-0dae61a323cf	4	7195	4134
2020-01-15	9076f20d-bfe6-4374-a17f-0dae61a323cf	5	2539	508
2020-01-16	85f762a9-c1ab-4dd6-b01b-f49a65065788	1	3485	3401
2020-01-16	85f762a9-c1ab-4dd6-b01b-f49a65065788	2	7472	2786
2020-01-16	85f762a9-c1ab-4dd6-b01b-f49a65065788	3	2781	935
2020-01-16	85f762a9-c1ab-4dd6-b01b-f49a65065788	4	6081	2026
2020-01-16	85f762a9-c1ab-4dd6-b01b-f49a65065788	5	559	482
2020-01-16	2c17082e-222f-47c0-aecd-a3a49d7c9de9	1	2700	1606
2020-01-16	2c17082e-222f-47c0-aecd-a3a49d7c9de9	2	7232	4935
2020-01-16	2c17082e-222f-47c0-aecd-a3a49d7c9de9	3	845	175
2020-01-16	2c17082e-222f-47c0-aecd-a3a49d7c9de9	4	7880	889
2020-01-16	2c17082e-222f-47c0-aecd-a3a49d7c9de9	5	8790	5135
2020-01-16	8bf64597-ffe5-468e-9af4-d538f6d841ec	1	4630	1541
2020-01-16	8bf64597-ffe5-468e-9af4-d538f6d841ec	2	6561	6447
2020-01-16	8bf64597-ffe5-468e-9af4-d538f6d841ec	3	8959	5441
2020-01-16	8bf64597-ffe5-468e-9af4-d538f6d841ec	4	8726	3721
2020-01-16	8bf64597-ffe5-468e-9af4-d538f6d841ec	5	8022	1260
2020-01-16	acab183d-7b5e-4975-954a-6518df026ec4	1	8379	6791
2020-01-16	acab183d-7b5e-4975-954a-6518df026ec4	2	6488	5702
2020-01-16	acab183d-7b5e-4975-954a-6518df026ec4	3	8816	6242
2020-01-16	acab183d-7b5e-4975-954a-6518df026ec4	4	5801	5564
2020-01-16	acab183d-7b5e-4975-954a-6518df026ec4	5	4086	426
2020-01-16	1e216c51-2034-4899-b56c-0860be526e27	1	4076	677
2020-01-16	1e216c51-2034-4899-b56c-0860be526e27	2	3572	1287
2020-01-16	1e216c51-2034-4899-b56c-0860be526e27	3	8116	5190
2020-01-16	1e216c51-2034-4899-b56c-0860be526e27	4	6522	2121
2020-01-16	1e216c51-2034-4899-b56c-0860be526e27	5	537	291
2020-01-16	13014d73-c4aa-4f72-bd4c-3fd7b028789e	1	7304	344
2020-01-16	13014d73-c4aa-4f72-bd4c-3fd7b028789e	2	2364	2251
2020-01-16	13014d73-c4aa-4f72-bd4c-3fd7b028789e	3	8	7
2020-01-16	13014d73-c4aa-4f72-bd4c-3fd7b028789e	4	9662	2978
2020-01-16	13014d73-c4aa-4f72-bd4c-3fd7b028789e	5	1751	29
2020-01-16	f744f709-98fe-449a-aab1-d8d1bfa4a38d	1	5288	4952
2020-01-16	f744f709-98fe-449a-aab1-d8d1bfa4a38d	2	3413	430
2020-01-16	f744f709-98fe-449a-aab1-d8d1bfa4a38d	3	182	176
2020-01-16	f744f709-98fe-449a-aab1-d8d1bfa4a38d	4	3471	47
2020-01-16	f744f709-98fe-449a-aab1-d8d1bfa4a38d	5	2811	1324
2020-01-16	b605eb9d-6110-475d-9396-8758a58234e8	1	6470	2069
2020-01-16	b605eb9d-6110-475d-9396-8758a58234e8	2	3565	3501
2020-01-16	b605eb9d-6110-475d-9396-8758a58234e8	3	4913	2086
2020-01-16	b605eb9d-6110-475d-9396-8758a58234e8	4	8985	8731
2020-01-16	b605eb9d-6110-475d-9396-8758a58234e8	5	3795	2261
2020-01-16	325ddb8b-50ce-4666-a90b-0268fbb422f5	1	7271	24
2020-01-16	325ddb8b-50ce-4666-a90b-0268fbb422f5	2	7266	5810
2020-01-16	325ddb8b-50ce-4666-a90b-0268fbb422f5	3	2433	1208
2020-01-16	325ddb8b-50ce-4666-a90b-0268fbb422f5	4	130	95
2020-01-16	325ddb8b-50ce-4666-a90b-0268fbb422f5	5	3612	49
2020-01-16	9076f20d-bfe6-4374-a17f-0dae61a323cf	1	5704	2121
2020-01-16	9076f20d-bfe6-4374-a17f-0dae61a323cf	2	922	731
2020-01-16	9076f20d-bfe6-4374-a17f-0dae61a323cf	3	8202	3564
2020-01-16	9076f20d-bfe6-4374-a17f-0dae61a323cf	4	5693	3353
2020-01-16	9076f20d-bfe6-4374-a17f-0dae61a323cf	5	7566	1792
2020-01-17	85f762a9-c1ab-4dd6-b01b-f49a65065788	1	7646	2624
2020-01-17	85f762a9-c1ab-4dd6-b01b-f49a65065788	2	8758	6034
2020-01-17	85f762a9-c1ab-4dd6-b01b-f49a65065788	3	2340	2121
2020-01-17	85f762a9-c1ab-4dd6-b01b-f49a65065788	4	890	705
2020-01-17	85f762a9-c1ab-4dd6-b01b-f49a65065788	5	2064	1873
2020-01-17	2c17082e-222f-47c0-aecd-a3a49d7c9de9	1	287	4
2020-01-17	2c17082e-222f-47c0-aecd-a3a49d7c9de9	2	7945	6485
2020-01-17	2c17082e-222f-47c0-aecd-a3a49d7c9de9	3	7013	2076
2020-01-17	2c17082e-222f-47c0-aecd-a3a49d7c9de9	4	9242	655
2020-01-17	2c17082e-222f-47c0-aecd-a3a49d7c9de9	5	1815	1796
2020-01-17	8bf64597-ffe5-468e-9af4-d538f6d841ec	1	5938	3798
2020-01-17	8bf64597-ffe5-468e-9af4-d538f6d841ec	2	7658	1471
2020-01-17	8bf64597-ffe5-468e-9af4-d538f6d841ec	3	621	389
2020-01-17	8bf64597-ffe5-468e-9af4-d538f6d841ec	4	5440	5383
2020-01-17	8bf64597-ffe5-468e-9af4-d538f6d841ec	5	5604	2086
2020-01-17	acab183d-7b5e-4975-954a-6518df026ec4	1	7141	6157
2020-01-17	acab183d-7b5e-4975-954a-6518df026ec4	2	9831	7455
2020-01-17	acab183d-7b5e-4975-954a-6518df026ec4	3	4079	2689
2020-01-17	acab183d-7b5e-4975-954a-6518df026ec4	4	2024	958
2020-01-17	acab183d-7b5e-4975-954a-6518df026ec4	5	1078	233
2020-01-17	1e216c51-2034-4899-b56c-0860be526e27	1	2473	1898
2020-01-17	1e216c51-2034-4899-b56c-0860be526e27	2	456	339
2020-01-17	1e216c51-2034-4899-b56c-0860be526e27	3	3077	233
2020-01-17	1e216c51-2034-4899-b56c-0860be526e27	4	6272	1394
2020-01-17	1e216c51-2034-4899-b56c-0860be526e27	5	196	101
2020-01-17	13014d73-c4aa-4f72-bd4c-3fd7b028789e	1	3271	1925
2020-01-17	13014d73-c4aa-4f72-bd4c-3fd7b028789e	2	2810	1416
2020-01-17	13014d73-c4aa-4f72-bd4c-3fd7b028789e	3	9107	1507
2020-01-17	13014d73-c4aa-4f72-bd4c-3fd7b028789e	4	7215	108
2020-01-17	13014d73-c4aa-4f72-bd4c-3fd7b028789e	5	477	93
2020-01-17	f744f709-98fe-449a-aab1-d8d1bfa4a38d	1	509	196
2020-01-17	f744f709-98fe-449a-aab1-d8d1bfa4a38d	2	1177	415
2020-01-17	f744f709-98fe-449a-aab1-d8d1bfa4a38d	3	292	117
2020-01-17	f744f709-98fe-449a-aab1-d8d1bfa4a38d	4	5493	1421
2020-01-17	f744f709-98fe-449a-aab1-d8d1bfa4a38d	5	5117	1653
2020-01-17	b605eb9d-6110-475d-9396-8758a58234e8	1	4508	147
2020-01-17	b605eb9d-6110-475d-9396-8758a58234e8	2	4656	1365
2020-01-17	b605eb9d-6110-475d-9396-8758a58234e8	3	6077	2489
2020-01-17	b605eb9d-6110-475d-9396-8758a58234e8	4	7928	3234
2020-01-17	b605eb9d-6110-475d-9396-8758a58234e8	5	6274	4041
2020-01-17	325ddb8b-50ce-4666-a90b-0268fbb422f5	1	4820	215
2020-01-17	325ddb8b-50ce-4666-a90b-0268fbb422f5	2	527	308
2020-01-17	325ddb8b-50ce-4666-a90b-0268fbb422f5	3	2610	793
2020-01-17	325ddb8b-50ce-4666-a90b-0268fbb422f5	4	3670	822
2020-01-17	325ddb8b-50ce-4666-a90b-0268fbb422f5	5	5573	3715
2020-01-17	9076f20d-bfe6-4374-a17f-0dae61a323cf	1	896	684
2020-01-17	9076f20d-bfe6-4374-a17f-0dae61a323cf	2	4852	557
2020-01-17	9076f20d-bfe6-4374-a17f-0dae61a323cf	3	2776	147
2020-01-17	9076f20d-bfe6-4374-a17f-0dae61a323cf	4	1670	1087
2020-01-17	9076f20d-bfe6-4374-a17f-0dae61a323cf	5	5014	2451
2020-01-18	85f762a9-c1ab-4dd6-b01b-f49a65065788	1	9688	810
2020-01-18	85f762a9-c1ab-4dd6-b01b-f49a65065788	2	6348	1815
2020-01-18	85f762a9-c1ab-4dd6-b01b-f49a65065788	3	3752	1774
2020-01-18	85f762a9-c1ab-4dd6-b01b-f49a65065788	4	6762	2390
2020-01-18	85f762a9-c1ab-4dd6-b01b-f49a65065788	5	2537	1113
2020-01-18	2c17082e-222f-47c0-aecd-a3a49d7c9de9	1	2657	1505
2020-01-18	2c17082e-222f-47c0-aecd-a3a49d7c9de9	2	641	303
2020-01-18	2c17082e-222f-47c0-aecd-a3a49d7c9de9	3	5224	1246
2020-01-18	2c17082e-222f-47c0-aecd-a3a49d7c9de9	4	8857	8832
2020-01-18	2c17082e-222f-47c0-aecd-a3a49d7c9de9	5	5811	2542
2020-01-18	8bf64597-ffe5-468e-9af4-d538f6d841ec	1	2404	253
2020-01-18	8bf64597-ffe5-468e-9af4-d538f6d841ec	2	8837	4718
2020-01-18	8bf64597-ffe5-468e-9af4-d538f6d841ec	3	2999	1902
2020-01-18	8bf64597-ffe5-468e-9af4-d538f6d841ec	4	9131	2477
2020-01-18	8bf64597-ffe5-468e-9af4-d538f6d841ec	5	7148	2926
2020-01-18	acab183d-7b5e-4975-954a-6518df026ec4	1	1183	537
2020-01-18	acab183d-7b5e-4975-954a-6518df026ec4	2	5767	3021
2020-01-18	acab183d-7b5e-4975-954a-6518df026ec4	3	5982	5064
2020-01-18	acab183d-7b5e-4975-954a-6518df026ec4	4	6947	1862
2020-01-18	acab183d-7b5e-4975-954a-6518df026ec4	5	1546	1004
2020-01-18	1e216c51-2034-4899-b56c-0860be526e27	1	3708	1685
2020-01-18	1e216c51-2034-4899-b56c-0860be526e27	2	6238	1050
2020-01-18	1e216c51-2034-4899-b56c-0860be526e27	3	1238	769
2020-01-18	1e216c51-2034-4899-b56c-0860be526e27	4	5293	702
2020-01-18	1e216c51-2034-4899-b56c-0860be526e27	5	8979	3848
2020-01-18	13014d73-c4aa-4f72-bd4c-3fd7b028789e	1	3282	2956
2020-01-18	13014d73-c4aa-4f72-bd4c-3fd7b028789e	2	6586	4609
2020-01-18	13014d73-c4aa-4f72-bd4c-3fd7b028789e	3	4459	1052
2020-01-18	13014d73-c4aa-4f72-bd4c-3fd7b028789e	4	1670	1536
2020-01-18	13014d73-c4aa-4f72-bd4c-3fd7b028789e	5	9748	7811
2020-01-18	f744f709-98fe-449a-aab1-d8d1bfa4a38d	1	1448	1241
2020-01-18	f744f709-98fe-449a-aab1-d8d1bfa4a38d	2	5814	4778
2020-01-18	f744f709-98fe-449a-aab1-d8d1bfa4a38d	3	6671	5144
2020-01-18	f744f709-98fe-449a-aab1-d8d1bfa4a38d	4	7339	3427
2020-01-18	f744f709-98fe-449a-aab1-d8d1bfa4a38d	5	2496	2096
2020-01-18	b605eb9d-6110-475d-9396-8758a58234e8	1	3096	1743
2020-01-18	b605eb9d-6110-475d-9396-8758a58234e8	2	711	641
2020-01-18	b605eb9d-6110-475d-9396-8758a58234e8	3	8650	3841
2020-01-18	b605eb9d-6110-475d-9396-8758a58234e8	4	2549	924
2020-01-18	b605eb9d-6110-475d-9396-8758a58234e8	5	7854	6100
2020-01-18	325ddb8b-50ce-4666-a90b-0268fbb422f5	1	7540	5817
2020-01-18	325ddb8b-50ce-4666-a90b-0268fbb422f5	2	8479	796
2020-01-18	325ddb8b-50ce-4666-a90b-0268fbb422f5	3	7824	2054
2020-01-18	325ddb8b-50ce-4666-a90b-0268fbb422f5	4	5326	1155
2020-01-18	325ddb8b-50ce-4666-a90b-0268fbb422f5	5	724	269
2020-01-18	9076f20d-bfe6-4374-a17f-0dae61a323cf	1	1364	35
2020-01-18	9076f20d-bfe6-4374-a17f-0dae61a323cf	2	132	0
2020-01-18	9076f20d-bfe6-4374-a17f-0dae61a323cf	3	5319	5256
2020-01-18	9076f20d-bfe6-4374-a17f-0dae61a323cf	4	5028	1342
2020-01-18	9076f20d-bfe6-4374-a17f-0dae61a323cf	5	8145	5826
2020-01-19	85f762a9-c1ab-4dd6-b01b-f49a65065788	1	9736	6794
2020-01-19	85f762a9-c1ab-4dd6-b01b-f49a65065788	2	2779	25
2020-01-19	85f762a9-c1ab-4dd6-b01b-f49a65065788	3	3257	1945
2020-01-19	85f762a9-c1ab-4dd6-b01b-f49a65065788	4	4610	3531
2020-01-19	85f762a9-c1ab-4dd6-b01b-f49a65065788	5	6018	891
2020-01-19	2c17082e-222f-47c0-aecd-a3a49d7c9de9	1	4178	981
2020-01-19	2c17082e-222f-47c0-aecd-a3a49d7c9de9	2	5469	2854
2020-01-19	2c17082e-222f-47c0-aecd-a3a49d7c9de9	3	9504	8414
2020-01-19	2c17082e-222f-47c0-aecd-a3a49d7c9de9	4	3523	3323
2020-01-19	2c17082e-222f-47c0-aecd-a3a49d7c9de9	5	9170	1427
2020-01-19	8bf64597-ffe5-468e-9af4-d538f6d841ec	1	8670	7491
2020-01-19	8bf64597-ffe5-468e-9af4-d538f6d841ec	2	2862	1628
2020-01-19	8bf64597-ffe5-468e-9af4-d538f6d841ec	3	8495	6891
2020-01-19	8bf64597-ffe5-468e-9af4-d538f6d841ec	4	9745	8151
2020-01-19	8bf64597-ffe5-468e-9af4-d538f6d841ec	5	3960	3171
2020-01-19	acab183d-7b5e-4975-954a-6518df026ec4	1	8082	4531
2020-01-19	acab183d-7b5e-4975-954a-6518df026ec4	2	6315	2023
2020-01-19	acab183d-7b5e-4975-954a-6518df026ec4	3	875	355
2020-01-19	acab183d-7b5e-4975-954a-6518df026ec4	4	2304	1134
2020-01-19	acab183d-7b5e-4975-954a-6518df026ec4	5	6925	4502
2020-01-19	1e216c51-2034-4899-b56c-0860be526e27	1	9269	5402
2020-01-19	1e216c51-2034-4899-b56c-0860be526e27	2	7996	4964
2020-01-19	1e216c51-2034-4899-b56c-0860be526e27	3	8678	234
2020-01-19	1e216c51-2034-4899-b56c-0860be526e27	4	7595	2122
2020-01-19	1e216c51-2034-4899-b56c-0860be526e27	5	9965	7955
2020-01-19	13014d73-c4aa-4f72-bd4c-3fd7b028789e	1	3820	1281
2020-01-19	13014d73-c4aa-4f72-bd4c-3fd7b028789e	2	6046	1490
2020-01-19	13014d73-c4aa-4f72-bd4c-3fd7b028789e	3	3909	1885
2020-01-19	13014d73-c4aa-4f72-bd4c-3fd7b028789e	4	5121	710
2020-01-19	13014d73-c4aa-4f72-bd4c-3fd7b028789e	5	3477	3157
2020-01-19	f744f709-98fe-449a-aab1-d8d1bfa4a38d	1	7558	3911
2020-01-19	f744f709-98fe-449a-aab1-d8d1bfa4a38d	2	6912	4415
2020-01-19	f744f709-98fe-449a-aab1-d8d1bfa4a38d	3	3768	2238
2020-01-19	f744f709-98fe-449a-aab1-d8d1bfa4a38d	4	6753	3296
2020-01-19	f744f709-98fe-449a-aab1-d8d1bfa4a38d	5	5688	4250
2020-01-19	b605eb9d-6110-475d-9396-8758a58234e8	1	8375	1635
2020-01-19	b605eb9d-6110-475d-9396-8758a58234e8	2	1736	318
2020-01-19	b605eb9d-6110-475d-9396-8758a58234e8	3	743	360
2020-01-19	b605eb9d-6110-475d-9396-8758a58234e8	4	9148	5291
2020-01-19	b605eb9d-6110-475d-9396-8758a58234e8	5	8617	8030
2020-01-19	325ddb8b-50ce-4666-a90b-0268fbb422f5	1	8502	2505
2020-01-19	325ddb8b-50ce-4666-a90b-0268fbb422f5	2	161	152
2020-01-19	325ddb8b-50ce-4666-a90b-0268fbb422f5	3	8071	7376
2020-01-19	325ddb8b-50ce-4666-a90b-0268fbb422f5	4	3835	3225
2020-01-19	325ddb8b-50ce-4666-a90b-0268fbb422f5	5	260	117
2020-01-19	9076f20d-bfe6-4374-a17f-0dae61a323cf	1	2910	225
2020-01-19	9076f20d-bfe6-4374-a17f-0dae61a323cf	2	3446	1718
2020-01-19	9076f20d-bfe6-4374-a17f-0dae61a323cf	3	7332	81
2020-01-19	9076f20d-bfe6-4374-a17f-0dae61a323cf	4	7397	1340
2020-01-19	9076f20d-bfe6-4374-a17f-0dae61a323cf	5	7409	3842
2020-01-20	85f762a9-c1ab-4dd6-b01b-f49a65065788	1	9069	8709
2020-01-20	85f762a9-c1ab-4dd6-b01b-f49a65065788	2	5895	2284
2020-01-20	85f762a9-c1ab-4dd6-b01b-f49a65065788	3	1672	200
2020-01-20	85f762a9-c1ab-4dd6-b01b-f49a65065788	4	5696	3790
2020-01-20	85f762a9-c1ab-4dd6-b01b-f49a65065788	5	2018	822
2020-01-20	2c17082e-222f-47c0-aecd-a3a49d7c9de9	1	2509	1137
2020-01-20	2c17082e-222f-47c0-aecd-a3a49d7c9de9	2	4151	4043
2020-01-20	2c17082e-222f-47c0-aecd-a3a49d7c9de9	3	9495	6765
2020-01-20	2c17082e-222f-47c0-aecd-a3a49d7c9de9	4	7977	4093
2020-01-20	2c17082e-222f-47c0-aecd-a3a49d7c9de9	5	1592	1496
2020-01-20	8bf64597-ffe5-468e-9af4-d538f6d841ec	1	962	589
2020-01-20	8bf64597-ffe5-468e-9af4-d538f6d841ec	2	3139	2485
2020-01-20	8bf64597-ffe5-468e-9af4-d538f6d841ec	3	230	120
2020-01-20	8bf64597-ffe5-468e-9af4-d538f6d841ec	4	2574	1749
2020-01-20	8bf64597-ffe5-468e-9af4-d538f6d841ec	5	2112	1836
2020-01-20	acab183d-7b5e-4975-954a-6518df026ec4	1	2800	2137
2020-01-20	acab183d-7b5e-4975-954a-6518df026ec4	2	6946	3116
2020-01-20	acab183d-7b5e-4975-954a-6518df026ec4	3	3924	2325
2020-01-20	acab183d-7b5e-4975-954a-6518df026ec4	4	9598	4658
2020-01-20	acab183d-7b5e-4975-954a-6518df026ec4	5	4894	3336
2020-01-20	1e216c51-2034-4899-b56c-0860be526e27	1	4538	541
2020-01-20	1e216c51-2034-4899-b56c-0860be526e27	2	7642	4763
2020-01-20	1e216c51-2034-4899-b56c-0860be526e27	3	3967	2517
2020-01-20	1e216c51-2034-4899-b56c-0860be526e27	4	8909	814
2020-01-20	1e216c51-2034-4899-b56c-0860be526e27	5	7833	7633
2020-01-20	13014d73-c4aa-4f72-bd4c-3fd7b028789e	1	9769	2602
2020-01-20	13014d73-c4aa-4f72-bd4c-3fd7b028789e	2	3723	2981
2020-01-20	13014d73-c4aa-4f72-bd4c-3fd7b028789e	3	6425	3518
2020-01-20	13014d73-c4aa-4f72-bd4c-3fd7b028789e	4	1225	1040
2020-01-20	13014d73-c4aa-4f72-bd4c-3fd7b028789e	5	3312	904
2020-01-20	f744f709-98fe-449a-aab1-d8d1bfa4a38d	1	5526	2217
2020-01-20	f744f709-98fe-449a-aab1-d8d1bfa4a38d	2	4153	501
2020-01-20	f744f709-98fe-449a-aab1-d8d1bfa4a38d	3	6704	567
2020-01-20	f744f709-98fe-449a-aab1-d8d1bfa4a38d	4	4463	4333
2020-01-20	f744f709-98fe-449a-aab1-d8d1bfa4a38d	5	5683	2874
2020-01-20	b605eb9d-6110-475d-9396-8758a58234e8	1	3557	105
2020-01-20	b605eb9d-6110-475d-9396-8758a58234e8	2	6448	156
2020-01-20	b605eb9d-6110-475d-9396-8758a58234e8	3	1488	597
2020-01-20	b605eb9d-6110-475d-9396-8758a58234e8	4	4417	3548
2020-01-20	b605eb9d-6110-475d-9396-8758a58234e8	5	4365	2208
2020-01-20	325ddb8b-50ce-4666-a90b-0268fbb422f5	1	4391	3128
2020-01-20	325ddb8b-50ce-4666-a90b-0268fbb422f5	2	3331	751
2020-01-20	325ddb8b-50ce-4666-a90b-0268fbb422f5	3	8251	1600
2020-01-20	325ddb8b-50ce-4666-a90b-0268fbb422f5	4	9517	973
2020-01-20	325ddb8b-50ce-4666-a90b-0268fbb422f5	5	6311	3957
2020-01-20	9076f20d-bfe6-4374-a17f-0dae61a323cf	1	9554	4620
2020-01-20	9076f20d-bfe6-4374-a17f-0dae61a323cf	2	7482	961
2020-01-20	9076f20d-bfe6-4374-a17f-0dae61a323cf	3	3756	1659
2020-01-20	9076f20d-bfe6-4374-a17f-0dae61a323cf	4	7320	4265
2020-01-20	9076f20d-bfe6-4374-a17f-0dae61a323cf	5	8972	3456
2020-01-21	85f762a9-c1ab-4dd6-b01b-f49a65065788	1	8971	2915
2020-01-21	85f762a9-c1ab-4dd6-b01b-f49a65065788	2	2985	2265
2020-01-21	85f762a9-c1ab-4dd6-b01b-f49a65065788	3	2214	965
2020-01-21	85f762a9-c1ab-4dd6-b01b-f49a65065788	4	2064	2002
2020-01-21	85f762a9-c1ab-4dd6-b01b-f49a65065788	5	7669	4551
2020-01-21	2c17082e-222f-47c0-aecd-a3a49d7c9de9	1	7922	4158
2020-01-21	2c17082e-222f-47c0-aecd-a3a49d7c9de9	2	956	790
2020-01-21	2c17082e-222f-47c0-aecd-a3a49d7c9de9	3	5249	4005
2020-01-21	2c17082e-222f-47c0-aecd-a3a49d7c9de9	4	6949	3344
2020-01-21	2c17082e-222f-47c0-aecd-a3a49d7c9de9	5	5123	1185
2020-01-21	8bf64597-ffe5-468e-9af4-d538f6d841ec	1	3988	1489
2020-01-21	8bf64597-ffe5-468e-9af4-d538f6d841ec	2	1509	1289
2020-01-21	8bf64597-ffe5-468e-9af4-d538f6d841ec	3	3181	2309
2020-01-21	8bf64597-ffe5-468e-9af4-d538f6d841ec	4	8528	4392
2020-01-21	8bf64597-ffe5-468e-9af4-d538f6d841ec	5	9658	1302
2020-01-21	acab183d-7b5e-4975-954a-6518df026ec4	1	5532	3015
2020-01-21	acab183d-7b5e-4975-954a-6518df026ec4	2	1672	225
2020-01-21	acab183d-7b5e-4975-954a-6518df026ec4	3	3523	429
2020-01-21	acab183d-7b5e-4975-954a-6518df026ec4	4	1408	767
2020-01-21	acab183d-7b5e-4975-954a-6518df026ec4	5	4597	642
2020-01-21	1e216c51-2034-4899-b56c-0860be526e27	1	6574	5132
2020-01-21	1e216c51-2034-4899-b56c-0860be526e27	2	4852	2237
2020-01-21	1e216c51-2034-4899-b56c-0860be526e27	3	4289	1261
2020-01-21	1e216c51-2034-4899-b56c-0860be526e27	4	875	10
2020-01-21	1e216c51-2034-4899-b56c-0860be526e27	5	3439	3373
2020-01-21	13014d73-c4aa-4f72-bd4c-3fd7b028789e	1	5152	2881
2020-01-21	13014d73-c4aa-4f72-bd4c-3fd7b028789e	2	3751	415
2020-01-21	13014d73-c4aa-4f72-bd4c-3fd7b028789e	3	5607	884
2020-01-21	13014d73-c4aa-4f72-bd4c-3fd7b028789e	4	1408	50
2020-01-21	13014d73-c4aa-4f72-bd4c-3fd7b028789e	5	7716	7303
2020-01-21	f744f709-98fe-449a-aab1-d8d1bfa4a38d	1	4279	4172
2020-01-21	f744f709-98fe-449a-aab1-d8d1bfa4a38d	2	7661	6989
2020-01-21	f744f709-98fe-449a-aab1-d8d1bfa4a38d	3	2221	215
2020-01-21	f744f709-98fe-449a-aab1-d8d1bfa4a38d	4	9992	3061
2020-01-21	f744f709-98fe-449a-aab1-d8d1bfa4a38d	5	3232	1510
2020-01-21	b605eb9d-6110-475d-9396-8758a58234e8	1	1918	1421
2020-01-21	b605eb9d-6110-475d-9396-8758a58234e8	2	5432	532
2020-01-21	b605eb9d-6110-475d-9396-8758a58234e8	3	592	263
2020-01-21	b605eb9d-6110-475d-9396-8758a58234e8	4	3267	1005
2020-01-21	b605eb9d-6110-475d-9396-8758a58234e8	5	3145	1723
2020-01-21	325ddb8b-50ce-4666-a90b-0268fbb422f5	1	9392	1881
2020-01-21	325ddb8b-50ce-4666-a90b-0268fbb422f5	2	5142	272
2020-01-21	325ddb8b-50ce-4666-a90b-0268fbb422f5	3	3597	1385
2020-01-21	325ddb8b-50ce-4666-a90b-0268fbb422f5	4	157	141
2020-01-21	325ddb8b-50ce-4666-a90b-0268fbb422f5	5	1903	1180
2020-01-21	9076f20d-bfe6-4374-a17f-0dae61a323cf	1	8504	5732
2020-01-21	9076f20d-bfe6-4374-a17f-0dae61a323cf	2	1374	286
2020-01-21	9076f20d-bfe6-4374-a17f-0dae61a323cf	3	5181	4921
2020-01-21	9076f20d-bfe6-4374-a17f-0dae61a323cf	4	2268	469
2020-01-21	9076f20d-bfe6-4374-a17f-0dae61a323cf	5	5640	3617
2020-01-22	85f762a9-c1ab-4dd6-b01b-f49a65065788	1	462	403
2020-01-22	85f762a9-c1ab-4dd6-b01b-f49a65065788	2	2947	273
2020-01-22	85f762a9-c1ab-4dd6-b01b-f49a65065788	3	8304	3047
2020-01-22	85f762a9-c1ab-4dd6-b01b-f49a65065788	4	3947	3056
2020-01-22	85f762a9-c1ab-4dd6-b01b-f49a65065788	5	3363	2935
2020-01-22	2c17082e-222f-47c0-aecd-a3a49d7c9de9	1	1479	23
2020-01-22	2c17082e-222f-47c0-aecd-a3a49d7c9de9	2	1100	519
2020-01-22	2c17082e-222f-47c0-aecd-a3a49d7c9de9	3	6606	1297
2020-01-22	2c17082e-222f-47c0-aecd-a3a49d7c9de9	4	9460	7576
2020-01-22	2c17082e-222f-47c0-aecd-a3a49d7c9de9	5	6265	4488
2020-01-22	8bf64597-ffe5-468e-9af4-d538f6d841ec	1	7178	3360
2020-01-22	8bf64597-ffe5-468e-9af4-d538f6d841ec	2	748	603
2020-01-22	8bf64597-ffe5-468e-9af4-d538f6d841ec	3	2423	1794
2020-01-22	8bf64597-ffe5-468e-9af4-d538f6d841ec	4	4474	4462
2020-01-22	8bf64597-ffe5-468e-9af4-d538f6d841ec	5	8553	1164
2020-01-22	acab183d-7b5e-4975-954a-6518df026ec4	1	9945	6516
2020-01-22	acab183d-7b5e-4975-954a-6518df026ec4	2	1218	68
2020-01-22	acab183d-7b5e-4975-954a-6518df026ec4	3	7920	4129
2020-01-22	acab183d-7b5e-4975-954a-6518df026ec4	4	2754	1893
2020-01-22	acab183d-7b5e-4975-954a-6518df026ec4	5	2891	572
2020-01-22	1e216c51-2034-4899-b56c-0860be526e27	1	1638	221
2020-01-22	1e216c51-2034-4899-b56c-0860be526e27	2	3071	1042
2020-01-22	1e216c51-2034-4899-b56c-0860be526e27	3	5063	4615
2020-01-22	1e216c51-2034-4899-b56c-0860be526e27	4	9667	5674
2020-01-22	1e216c51-2034-4899-b56c-0860be526e27	5	4491	3166
2020-01-22	13014d73-c4aa-4f72-bd4c-3fd7b028789e	1	18	3
2020-01-22	13014d73-c4aa-4f72-bd4c-3fd7b028789e	2	2070	790
2020-01-22	13014d73-c4aa-4f72-bd4c-3fd7b028789e	3	9893	1975
2020-01-22	13014d73-c4aa-4f72-bd4c-3fd7b028789e	4	4970	2769
2020-01-22	13014d73-c4aa-4f72-bd4c-3fd7b028789e	5	392	214
2020-01-22	f744f709-98fe-449a-aab1-d8d1bfa4a38d	1	6030	5943
2020-01-22	f744f709-98fe-449a-aab1-d8d1bfa4a38d	2	5004	3643
2020-01-22	f744f709-98fe-449a-aab1-d8d1bfa4a38d	3	5943	5169
2020-01-22	f744f709-98fe-449a-aab1-d8d1bfa4a38d	4	9329	6855
2020-01-22	f744f709-98fe-449a-aab1-d8d1bfa4a38d	5	7960	1677
2020-01-22	b605eb9d-6110-475d-9396-8758a58234e8	1	2775	1310
2020-01-22	b605eb9d-6110-475d-9396-8758a58234e8	2	6757	6086
2020-01-22	b605eb9d-6110-475d-9396-8758a58234e8	3	9217	1533
2020-01-22	b605eb9d-6110-475d-9396-8758a58234e8	4	6016	5792
2020-01-22	b605eb9d-6110-475d-9396-8758a58234e8	5	4785	4379
2020-01-22	325ddb8b-50ce-4666-a90b-0268fbb422f5	1	4850	1821
2020-01-22	325ddb8b-50ce-4666-a90b-0268fbb422f5	2	6881	2763
2020-01-22	325ddb8b-50ce-4666-a90b-0268fbb422f5	3	8974	2009
2020-01-22	325ddb8b-50ce-4666-a90b-0268fbb422f5	4	6878	5634
2020-01-22	325ddb8b-50ce-4666-a90b-0268fbb422f5	5	3992	1960
2020-01-22	9076f20d-bfe6-4374-a17f-0dae61a323cf	1	8694	4851
2020-01-22	9076f20d-bfe6-4374-a17f-0dae61a323cf	2	3841	2868
2020-01-22	9076f20d-bfe6-4374-a17f-0dae61a323cf	3	2883	2309
2020-01-22	9076f20d-bfe6-4374-a17f-0dae61a323cf	4	6873	3240
2020-01-22	9076f20d-bfe6-4374-a17f-0dae61a323cf	5	1066	90
2020-01-23	85f762a9-c1ab-4dd6-b01b-f49a65065788	1	3405	1328
2020-01-23	85f762a9-c1ab-4dd6-b01b-f49a65065788	2	9834	7388
2020-01-23	85f762a9-c1ab-4dd6-b01b-f49a65065788	3	8002	7730
2020-01-23	85f762a9-c1ab-4dd6-b01b-f49a65065788	4	2452	169
2020-01-23	85f762a9-c1ab-4dd6-b01b-f49a65065788	5	3510	1262
2020-01-23	2c17082e-222f-47c0-aecd-a3a49d7c9de9	1	5682	4917
2020-01-23	2c17082e-222f-47c0-aecd-a3a49d7c9de9	2	5181	30
2020-01-23	2c17082e-222f-47c0-aecd-a3a49d7c9de9	3	7299	1170
2020-01-23	2c17082e-222f-47c0-aecd-a3a49d7c9de9	4	4304	40
2020-01-23	2c17082e-222f-47c0-aecd-a3a49d7c9de9	5	5848	3194
2020-01-23	8bf64597-ffe5-468e-9af4-d538f6d841ec	1	1521	534
2020-01-23	8bf64597-ffe5-468e-9af4-d538f6d841ec	2	5890	5157
2020-01-23	8bf64597-ffe5-468e-9af4-d538f6d841ec	3	8256	4705
2020-01-23	8bf64597-ffe5-468e-9af4-d538f6d841ec	4	2951	2676
2020-01-23	8bf64597-ffe5-468e-9af4-d538f6d841ec	5	8798	8241
2020-01-23	acab183d-7b5e-4975-954a-6518df026ec4	1	6635	1609
2020-01-23	acab183d-7b5e-4975-954a-6518df026ec4	2	8448	4356
2020-01-23	acab183d-7b5e-4975-954a-6518df026ec4	3	9725	6768
2020-01-23	acab183d-7b5e-4975-954a-6518df026ec4	4	8666	7871
2020-01-23	acab183d-7b5e-4975-954a-6518df026ec4	5	5533	622
2020-01-23	1e216c51-2034-4899-b56c-0860be526e27	1	3018	1080
2020-01-23	1e216c51-2034-4899-b56c-0860be526e27	2	7418	1850
2020-01-23	1e216c51-2034-4899-b56c-0860be526e27	3	5416	3341
2020-01-23	1e216c51-2034-4899-b56c-0860be526e27	4	2136	149
2020-01-23	1e216c51-2034-4899-b56c-0860be526e27	5	2629	998
2020-01-23	13014d73-c4aa-4f72-bd4c-3fd7b028789e	1	1799	785
2020-01-23	13014d73-c4aa-4f72-bd4c-3fd7b028789e	2	5581	189
2020-01-23	13014d73-c4aa-4f72-bd4c-3fd7b028789e	3	1987	809
2020-01-23	13014d73-c4aa-4f72-bd4c-3fd7b028789e	4	1881	438
2020-01-23	13014d73-c4aa-4f72-bd4c-3fd7b028789e	5	1042	915
2020-01-23	f744f709-98fe-449a-aab1-d8d1bfa4a38d	1	6513	4176
2020-01-23	f744f709-98fe-449a-aab1-d8d1bfa4a38d	2	6257	5405
2020-01-23	f744f709-98fe-449a-aab1-d8d1bfa4a38d	3	7318	1430
2020-01-23	f744f709-98fe-449a-aab1-d8d1bfa4a38d	4	1892	1374
2020-01-23	f744f709-98fe-449a-aab1-d8d1bfa4a38d	5	9155	2553
2020-01-23	b605eb9d-6110-475d-9396-8758a58234e8	1	9688	7800
2020-01-23	b605eb9d-6110-475d-9396-8758a58234e8	2	2583	348
2020-01-23	b605eb9d-6110-475d-9396-8758a58234e8	3	4044	4007
2020-01-23	b605eb9d-6110-475d-9396-8758a58234e8	4	1532	309
2020-01-23	b605eb9d-6110-475d-9396-8758a58234e8	5	1594	636
2020-01-23	325ddb8b-50ce-4666-a90b-0268fbb422f5	1	522	67
2020-01-23	325ddb8b-50ce-4666-a90b-0268fbb422f5	2	6589	3466
2020-01-23	325ddb8b-50ce-4666-a90b-0268fbb422f5	3	9656	4254
2020-01-23	325ddb8b-50ce-4666-a90b-0268fbb422f5	4	6192	6034
2020-01-23	325ddb8b-50ce-4666-a90b-0268fbb422f5	5	7243	6979
2020-01-23	9076f20d-bfe6-4374-a17f-0dae61a323cf	1	4641	1837
2020-01-23	9076f20d-bfe6-4374-a17f-0dae61a323cf	2	3861	2355
2020-01-23	9076f20d-bfe6-4374-a17f-0dae61a323cf	3	8105	88
2020-01-23	9076f20d-bfe6-4374-a17f-0dae61a323cf	4	5670	3442
2020-01-23	9076f20d-bfe6-4374-a17f-0dae61a323cf	5	2900	2820
2020-01-24	85f762a9-c1ab-4dd6-b01b-f49a65065788	1	7781	2751
2020-01-24	85f762a9-c1ab-4dd6-b01b-f49a65065788	2	9435	1053
2020-01-24	85f762a9-c1ab-4dd6-b01b-f49a65065788	3	1532	107
2020-01-24	85f762a9-c1ab-4dd6-b01b-f49a65065788	4	619	191
2020-01-24	85f762a9-c1ab-4dd6-b01b-f49a65065788	5	9545	8509
2020-01-24	2c17082e-222f-47c0-aecd-a3a49d7c9de9	1	8038	3235
2020-01-24	2c17082e-222f-47c0-aecd-a3a49d7c9de9	2	5784	4157
2020-01-24	2c17082e-222f-47c0-aecd-a3a49d7c9de9	3	2535	475
2020-01-24	2c17082e-222f-47c0-aecd-a3a49d7c9de9	4	76	67
2020-01-24	2c17082e-222f-47c0-aecd-a3a49d7c9de9	5	5135	4954
2020-01-24	8bf64597-ffe5-468e-9af4-d538f6d841ec	1	5484	3667
2020-01-24	8bf64597-ffe5-468e-9af4-d538f6d841ec	2	9214	8420
2020-01-24	8bf64597-ffe5-468e-9af4-d538f6d841ec	3	2002	31
2020-01-24	8bf64597-ffe5-468e-9af4-d538f6d841ec	4	3703	2116
2020-01-24	8bf64597-ffe5-468e-9af4-d538f6d841ec	5	7303	5308
2020-01-24	acab183d-7b5e-4975-954a-6518df026ec4	1	3263	1074
2020-01-24	acab183d-7b5e-4975-954a-6518df026ec4	2	5413	4547
2020-01-24	acab183d-7b5e-4975-954a-6518df026ec4	3	6832	2091
2020-01-24	acab183d-7b5e-4975-954a-6518df026ec4	4	1539	1211
2020-01-24	acab183d-7b5e-4975-954a-6518df026ec4	5	1485	812
2020-01-24	1e216c51-2034-4899-b56c-0860be526e27	1	661	620
2020-01-24	1e216c51-2034-4899-b56c-0860be526e27	2	1798	644
2020-01-24	1e216c51-2034-4899-b56c-0860be526e27	3	3053	1282
2020-01-24	1e216c51-2034-4899-b56c-0860be526e27	4	276	84
2020-01-24	1e216c51-2034-4899-b56c-0860be526e27	5	5473	2450
2020-01-24	13014d73-c4aa-4f72-bd4c-3fd7b028789e	1	4546	4259
2020-01-24	13014d73-c4aa-4f72-bd4c-3fd7b028789e	2	5510	4591
2020-01-24	13014d73-c4aa-4f72-bd4c-3fd7b028789e	3	9457	7145
2020-01-24	13014d73-c4aa-4f72-bd4c-3fd7b028789e	4	586	6
2020-01-24	13014d73-c4aa-4f72-bd4c-3fd7b028789e	5	7168	4284
2020-01-24	f744f709-98fe-449a-aab1-d8d1bfa4a38d	1	4872	1638
2020-01-24	f744f709-98fe-449a-aab1-d8d1bfa4a38d	2	8516	4762
2020-01-24	f744f709-98fe-449a-aab1-d8d1bfa4a38d	3	6836	2700
2020-01-24	f744f709-98fe-449a-aab1-d8d1bfa4a38d	4	614	412
2020-01-24	f744f709-98fe-449a-aab1-d8d1bfa4a38d	5	5095	4769
2020-01-24	b605eb9d-6110-475d-9396-8758a58234e8	1	5223	101
2020-01-24	b605eb9d-6110-475d-9396-8758a58234e8	2	8253	7935
2020-01-24	b605eb9d-6110-475d-9396-8758a58234e8	3	2921	1920
2020-01-24	b605eb9d-6110-475d-9396-8758a58234e8	4	5066	4227
2020-01-24	b605eb9d-6110-475d-9396-8758a58234e8	5	1359	881
2020-01-24	325ddb8b-50ce-4666-a90b-0268fbb422f5	1	9653	1712
2020-01-24	325ddb8b-50ce-4666-a90b-0268fbb422f5	2	4965	1508
2020-01-24	325ddb8b-50ce-4666-a90b-0268fbb422f5	3	5286	4117
2020-01-24	325ddb8b-50ce-4666-a90b-0268fbb422f5	4	4519	3167
2020-01-24	325ddb8b-50ce-4666-a90b-0268fbb422f5	5	7327	5091
2020-01-24	9076f20d-bfe6-4374-a17f-0dae61a323cf	1	3071	17
2020-01-24	9076f20d-bfe6-4374-a17f-0dae61a323cf	2	1455	741
2020-01-24	9076f20d-bfe6-4374-a17f-0dae61a323cf	3	4321	1922
2020-01-24	9076f20d-bfe6-4374-a17f-0dae61a323cf	4	3853	902
2020-01-24	9076f20d-bfe6-4374-a17f-0dae61a323cf	5	3872	2134
2020-01-25	85f762a9-c1ab-4dd6-b01b-f49a65065788	1	2014	1178
2020-01-25	85f762a9-c1ab-4dd6-b01b-f49a65065788	2	7829	2913
2020-01-25	85f762a9-c1ab-4dd6-b01b-f49a65065788	3	6858	1168
2020-01-25	85f762a9-c1ab-4dd6-b01b-f49a65065788	4	3256	2744
2020-01-25	85f762a9-c1ab-4dd6-b01b-f49a65065788	5	1820	304
2020-01-25	2c17082e-222f-47c0-aecd-a3a49d7c9de9	1	4385	2328
2020-01-25	2c17082e-222f-47c0-aecd-a3a49d7c9de9	2	5560	2953
2020-01-25	2c17082e-222f-47c0-aecd-a3a49d7c9de9	3	217	73
2020-01-25	2c17082e-222f-47c0-aecd-a3a49d7c9de9	4	5711	2041
2020-01-25	2c17082e-222f-47c0-aecd-a3a49d7c9de9	5	802	251
2020-01-25	8bf64597-ffe5-468e-9af4-d538f6d841ec	1	8638	3890
2020-01-25	8bf64597-ffe5-468e-9af4-d538f6d841ec	2	9168	7287
2020-01-25	8bf64597-ffe5-468e-9af4-d538f6d841ec	3	7574	7303
2020-01-25	8bf64597-ffe5-468e-9af4-d538f6d841ec	4	9452	1544
2020-01-25	8bf64597-ffe5-468e-9af4-d538f6d841ec	5	9711	2893
2020-01-25	acab183d-7b5e-4975-954a-6518df026ec4	1	3882	339
2020-01-25	acab183d-7b5e-4975-954a-6518df026ec4	2	4148	1641
2020-01-25	acab183d-7b5e-4975-954a-6518df026ec4	3	7746	5892
2020-01-25	acab183d-7b5e-4975-954a-6518df026ec4	4	7346	4052
2020-01-25	acab183d-7b5e-4975-954a-6518df026ec4	5	6990	4457
2020-01-25	1e216c51-2034-4899-b56c-0860be526e27	1	218	113
2020-01-25	1e216c51-2034-4899-b56c-0860be526e27	2	6741	3548
2020-01-25	1e216c51-2034-4899-b56c-0860be526e27	3	4817	1238
2020-01-25	1e216c51-2034-4899-b56c-0860be526e27	4	3470	766
2020-01-25	1e216c51-2034-4899-b56c-0860be526e27	5	8820	4911
2020-01-25	13014d73-c4aa-4f72-bd4c-3fd7b028789e	1	5022	1736
2020-01-25	13014d73-c4aa-4f72-bd4c-3fd7b028789e	2	6474	3636
2020-01-25	13014d73-c4aa-4f72-bd4c-3fd7b028789e	3	4176	1563
2020-01-25	13014d73-c4aa-4f72-bd4c-3fd7b028789e	4	8232	1288
2020-01-25	13014d73-c4aa-4f72-bd4c-3fd7b028789e	5	7906	5779
2020-01-25	f744f709-98fe-449a-aab1-d8d1bfa4a38d	1	4550	1433
2020-01-25	f744f709-98fe-449a-aab1-d8d1bfa4a38d	2	9388	8827
2020-01-25	f744f709-98fe-449a-aab1-d8d1bfa4a38d	3	9155	7246
2020-01-25	f744f709-98fe-449a-aab1-d8d1bfa4a38d	4	8051	1237
2020-01-25	f744f709-98fe-449a-aab1-d8d1bfa4a38d	5	2005	342
2020-01-25	b605eb9d-6110-475d-9396-8758a58234e8	1	5544	3735
2020-01-25	b605eb9d-6110-475d-9396-8758a58234e8	2	9334	6490
2020-01-25	b605eb9d-6110-475d-9396-8758a58234e8	3	8968	4185
2020-01-25	b605eb9d-6110-475d-9396-8758a58234e8	4	5772	4747
2020-01-25	b605eb9d-6110-475d-9396-8758a58234e8	5	3328	1052
2020-01-25	325ddb8b-50ce-4666-a90b-0268fbb422f5	1	7857	7396
2020-01-25	325ddb8b-50ce-4666-a90b-0268fbb422f5	2	9601	4023
2020-01-25	325ddb8b-50ce-4666-a90b-0268fbb422f5	3	1045	443
2020-01-25	325ddb8b-50ce-4666-a90b-0268fbb422f5	4	4616	4402
2020-01-25	325ddb8b-50ce-4666-a90b-0268fbb422f5	5	5802	1465
2020-01-25	9076f20d-bfe6-4374-a17f-0dae61a323cf	1	9501	2151
2020-01-25	9076f20d-bfe6-4374-a17f-0dae61a323cf	2	3181	606
2020-01-25	9076f20d-bfe6-4374-a17f-0dae61a323cf	3	5902	498
2020-01-25	9076f20d-bfe6-4374-a17f-0dae61a323cf	4	769	440
2020-01-25	9076f20d-bfe6-4374-a17f-0dae61a323cf	5	9990	3951
2020-01-26	85f762a9-c1ab-4dd6-b01b-f49a65065788	1	2206	2181
2020-01-26	85f762a9-c1ab-4dd6-b01b-f49a65065788	2	5147	4588
2020-01-26	85f762a9-c1ab-4dd6-b01b-f49a65065788	3	469	288
2020-01-26	85f762a9-c1ab-4dd6-b01b-f49a65065788	4	471	379
2020-01-26	85f762a9-c1ab-4dd6-b01b-f49a65065788	5	115	111
2020-01-26	2c17082e-222f-47c0-aecd-a3a49d7c9de9	1	5037	937
2020-01-26	2c17082e-222f-47c0-aecd-a3a49d7c9de9	2	8661	858
2020-01-26	2c17082e-222f-47c0-aecd-a3a49d7c9de9	3	1610	206
2020-01-26	2c17082e-222f-47c0-aecd-a3a49d7c9de9	4	681	416
2020-01-26	2c17082e-222f-47c0-aecd-a3a49d7c9de9	5	5492	2316
2020-01-26	8bf64597-ffe5-468e-9af4-d538f6d841ec	1	3414	427
2020-01-26	8bf64597-ffe5-468e-9af4-d538f6d841ec	2	8894	8276
2020-01-26	8bf64597-ffe5-468e-9af4-d538f6d841ec	3	4451	3954
2020-01-26	8bf64597-ffe5-468e-9af4-d538f6d841ec	4	683	178
2020-01-26	8bf64597-ffe5-468e-9af4-d538f6d841ec	5	9267	3555
2020-01-26	acab183d-7b5e-4975-954a-6518df026ec4	1	9871	1557
2020-01-26	acab183d-7b5e-4975-954a-6518df026ec4	2	4473	3190
2020-01-26	acab183d-7b5e-4975-954a-6518df026ec4	3	8169	3600
2020-01-26	acab183d-7b5e-4975-954a-6518df026ec4	4	5664	2142
2020-01-26	acab183d-7b5e-4975-954a-6518df026ec4	5	3060	2716
2020-01-26	1e216c51-2034-4899-b56c-0860be526e27	1	2510	690
2020-01-26	1e216c51-2034-4899-b56c-0860be526e27	2	6685	4659
2020-01-26	1e216c51-2034-4899-b56c-0860be526e27	3	368	275
2020-01-26	1e216c51-2034-4899-b56c-0860be526e27	4	9276	4555
2020-01-26	1e216c51-2034-4899-b56c-0860be526e27	5	5779	2806
2020-01-26	13014d73-c4aa-4f72-bd4c-3fd7b028789e	1	3674	1935
2020-01-26	13014d73-c4aa-4f72-bd4c-3fd7b028789e	2	9521	9346
2020-01-26	13014d73-c4aa-4f72-bd4c-3fd7b028789e	3	8608	7773
2020-01-26	13014d73-c4aa-4f72-bd4c-3fd7b028789e	4	2232	990
2020-01-26	13014d73-c4aa-4f72-bd4c-3fd7b028789e	5	2223	358
2020-01-26	f744f709-98fe-449a-aab1-d8d1bfa4a38d	1	5726	4613
2020-01-26	f744f709-98fe-449a-aab1-d8d1bfa4a38d	2	5668	4558
2020-01-26	f744f709-98fe-449a-aab1-d8d1bfa4a38d	3	8445	3374
2020-01-26	f744f709-98fe-449a-aab1-d8d1bfa4a38d	4	6158	920
2020-01-26	f744f709-98fe-449a-aab1-d8d1bfa4a38d	5	7469	3587
2020-01-26	b605eb9d-6110-475d-9396-8758a58234e8	1	3678	1996
2020-01-26	b605eb9d-6110-475d-9396-8758a58234e8	2	200	11
2020-01-26	b605eb9d-6110-475d-9396-8758a58234e8	3	4145	2177
2020-01-26	b605eb9d-6110-475d-9396-8758a58234e8	4	7479	207
2020-01-26	b605eb9d-6110-475d-9396-8758a58234e8	5	8547	3637
2020-01-26	325ddb8b-50ce-4666-a90b-0268fbb422f5	1	6134	3571
2020-01-26	325ddb8b-50ce-4666-a90b-0268fbb422f5	2	1086	275
2020-01-26	325ddb8b-50ce-4666-a90b-0268fbb422f5	3	6969	1676
2020-01-26	325ddb8b-50ce-4666-a90b-0268fbb422f5	4	6948	3915
2020-01-26	325ddb8b-50ce-4666-a90b-0268fbb422f5	5	2217	1594
2020-01-26	9076f20d-bfe6-4374-a17f-0dae61a323cf	1	6066	1289
2020-01-26	9076f20d-bfe6-4374-a17f-0dae61a323cf	2	8115	2359
2020-01-26	9076f20d-bfe6-4374-a17f-0dae61a323cf	3	8630	8242
2020-01-26	9076f20d-bfe6-4374-a17f-0dae61a323cf	4	744	442
2020-01-26	9076f20d-bfe6-4374-a17f-0dae61a323cf	5	8853	1887
2020-01-27	85f762a9-c1ab-4dd6-b01b-f49a65065788	1	7897	5890
2020-01-27	85f762a9-c1ab-4dd6-b01b-f49a65065788	2	6474	244
2020-01-27	85f762a9-c1ab-4dd6-b01b-f49a65065788	3	8082	4601
2020-01-27	85f762a9-c1ab-4dd6-b01b-f49a65065788	4	436	45
2020-01-27	85f762a9-c1ab-4dd6-b01b-f49a65065788	5	4047	3943
2020-01-27	2c17082e-222f-47c0-aecd-a3a49d7c9de9	1	422	350
2020-01-27	2c17082e-222f-47c0-aecd-a3a49d7c9de9	2	8886	4655
2020-01-27	2c17082e-222f-47c0-aecd-a3a49d7c9de9	3	901	149
2020-01-27	2c17082e-222f-47c0-aecd-a3a49d7c9de9	4	8135	5019
2020-01-27	2c17082e-222f-47c0-aecd-a3a49d7c9de9	5	1025	795
2020-01-27	8bf64597-ffe5-468e-9af4-d538f6d841ec	1	2568	1842
2020-01-27	8bf64597-ffe5-468e-9af4-d538f6d841ec	2	5240	270
2020-01-27	8bf64597-ffe5-468e-9af4-d538f6d841ec	3	6951	2963
2020-01-27	8bf64597-ffe5-468e-9af4-d538f6d841ec	4	4204	3214
2020-01-27	8bf64597-ffe5-468e-9af4-d538f6d841ec	5	6643	4124
2020-01-27	acab183d-7b5e-4975-954a-6518df026ec4	1	7675	3760
2020-01-27	acab183d-7b5e-4975-954a-6518df026ec4	2	3440	972
2020-01-27	acab183d-7b5e-4975-954a-6518df026ec4	3	6068	2625
2020-01-27	acab183d-7b5e-4975-954a-6518df026ec4	4	1805	350
2020-01-27	acab183d-7b5e-4975-954a-6518df026ec4	5	5969	15
2020-01-27	1e216c51-2034-4899-b56c-0860be526e27	1	4163	524
2020-01-27	1e216c51-2034-4899-b56c-0860be526e27	2	651	144
2020-01-27	1e216c51-2034-4899-b56c-0860be526e27	3	400	344
2020-01-27	1e216c51-2034-4899-b56c-0860be526e27	4	335	301
2020-01-27	1e216c51-2034-4899-b56c-0860be526e27	5	2841	2518
2020-01-27	13014d73-c4aa-4f72-bd4c-3fd7b028789e	1	5231	4138
2020-01-27	13014d73-c4aa-4f72-bd4c-3fd7b028789e	2	5487	2506
2020-01-27	13014d73-c4aa-4f72-bd4c-3fd7b028789e	3	4620	2027
2020-01-27	13014d73-c4aa-4f72-bd4c-3fd7b028789e	4	9451	2367
2020-01-27	13014d73-c4aa-4f72-bd4c-3fd7b028789e	5	1495	580
2020-01-27	f744f709-98fe-449a-aab1-d8d1bfa4a38d	1	1495	287
2020-01-27	f744f709-98fe-449a-aab1-d8d1bfa4a38d	2	6096	2569
2020-01-27	f744f709-98fe-449a-aab1-d8d1bfa4a38d	3	9703	4319
2020-01-27	f744f709-98fe-449a-aab1-d8d1bfa4a38d	4	3284	1305
2020-01-27	f744f709-98fe-449a-aab1-d8d1bfa4a38d	5	2486	1258
2020-01-27	b605eb9d-6110-475d-9396-8758a58234e8	1	1349	760
2020-01-27	b605eb9d-6110-475d-9396-8758a58234e8	2	7206	5326
2020-01-27	b605eb9d-6110-475d-9396-8758a58234e8	3	6082	3613
2020-01-27	b605eb9d-6110-475d-9396-8758a58234e8	4	6622	4920
2020-01-27	b605eb9d-6110-475d-9396-8758a58234e8	5	6479	206
2020-01-27	325ddb8b-50ce-4666-a90b-0268fbb422f5	1	1492	1316
2020-01-27	325ddb8b-50ce-4666-a90b-0268fbb422f5	2	4185	992
2020-01-27	325ddb8b-50ce-4666-a90b-0268fbb422f5	3	2723	1283
2020-01-27	325ddb8b-50ce-4666-a90b-0268fbb422f5	4	2970	716
2020-01-27	325ddb8b-50ce-4666-a90b-0268fbb422f5	5	1092	875
2020-01-27	9076f20d-bfe6-4374-a17f-0dae61a323cf	1	4778	3791
2020-01-27	9076f20d-bfe6-4374-a17f-0dae61a323cf	2	4199	3641
2020-01-27	9076f20d-bfe6-4374-a17f-0dae61a323cf	3	1987	797
2020-01-27	9076f20d-bfe6-4374-a17f-0dae61a323cf	4	6658	6584
2020-01-27	9076f20d-bfe6-4374-a17f-0dae61a323cf	5	2493	2001
2020-01-28	85f762a9-c1ab-4dd6-b01b-f49a65065788	1	2871	916
2020-01-28	85f762a9-c1ab-4dd6-b01b-f49a65065788	2	5575	4812
2020-01-28	85f762a9-c1ab-4dd6-b01b-f49a65065788	3	4955	78
2020-01-28	85f762a9-c1ab-4dd6-b01b-f49a65065788	4	5085	2672
2020-01-28	85f762a9-c1ab-4dd6-b01b-f49a65065788	5	7313	3977
2020-01-28	2c17082e-222f-47c0-aecd-a3a49d7c9de9	1	578	456
2020-01-28	2c17082e-222f-47c0-aecd-a3a49d7c9de9	2	112	22
2020-01-28	2c17082e-222f-47c0-aecd-a3a49d7c9de9	3	2763	1053
2020-01-28	2c17082e-222f-47c0-aecd-a3a49d7c9de9	4	2765	858
2020-01-28	2c17082e-222f-47c0-aecd-a3a49d7c9de9	5	3304	1084
2020-01-28	8bf64597-ffe5-468e-9af4-d538f6d841ec	1	956	268
2020-01-28	8bf64597-ffe5-468e-9af4-d538f6d841ec	2	8387	4144
2020-01-28	8bf64597-ffe5-468e-9af4-d538f6d841ec	3	4668	1107
2020-01-28	8bf64597-ffe5-468e-9af4-d538f6d841ec	4	9068	727
2020-01-28	8bf64597-ffe5-468e-9af4-d538f6d841ec	5	5321	2828
2020-01-28	acab183d-7b5e-4975-954a-6518df026ec4	1	6873	723
2020-01-28	acab183d-7b5e-4975-954a-6518df026ec4	2	6353	2606
2020-01-28	acab183d-7b5e-4975-954a-6518df026ec4	3	8465	2539
2020-01-28	acab183d-7b5e-4975-954a-6518df026ec4	4	8253	2159
2020-01-28	acab183d-7b5e-4975-954a-6518df026ec4	5	2753	859
2020-01-28	1e216c51-2034-4899-b56c-0860be526e27	1	5071	1855
2020-01-28	1e216c51-2034-4899-b56c-0860be526e27	2	7370	1289
2020-01-28	1e216c51-2034-4899-b56c-0860be526e27	3	1958	1723
2020-01-28	1e216c51-2034-4899-b56c-0860be526e27	4	4573	1961
2020-01-28	1e216c51-2034-4899-b56c-0860be526e27	5	8864	5621
2020-01-28	13014d73-c4aa-4f72-bd4c-3fd7b028789e	1	9645	2046
2020-01-28	13014d73-c4aa-4f72-bd4c-3fd7b028789e	2	588	98
2020-01-28	13014d73-c4aa-4f72-bd4c-3fd7b028789e	3	7109	4894
2020-01-28	13014d73-c4aa-4f72-bd4c-3fd7b028789e	4	5437	3981
2020-01-28	13014d73-c4aa-4f72-bd4c-3fd7b028789e	5	2672	887
2020-01-28	f744f709-98fe-449a-aab1-d8d1bfa4a38d	1	4115	179
2020-01-28	f744f709-98fe-449a-aab1-d8d1bfa4a38d	2	3262	762
2020-01-28	f744f709-98fe-449a-aab1-d8d1bfa4a38d	3	4481	1373
2020-01-28	f744f709-98fe-449a-aab1-d8d1bfa4a38d	4	228	78
2020-01-28	f744f709-98fe-449a-aab1-d8d1bfa4a38d	5	494	104
2020-01-28	b605eb9d-6110-475d-9396-8758a58234e8	1	7870	3669
2020-01-28	b605eb9d-6110-475d-9396-8758a58234e8	2	3339	186
2020-01-28	b605eb9d-6110-475d-9396-8758a58234e8	3	7129	3954
2020-01-28	b605eb9d-6110-475d-9396-8758a58234e8	4	991	381
2020-01-28	b605eb9d-6110-475d-9396-8758a58234e8	5	9600	6229
2020-01-28	325ddb8b-50ce-4666-a90b-0268fbb422f5	1	238	124
2020-01-28	325ddb8b-50ce-4666-a90b-0268fbb422f5	2	2267	2193
2020-01-28	325ddb8b-50ce-4666-a90b-0268fbb422f5	3	4441	235
2020-01-28	325ddb8b-50ce-4666-a90b-0268fbb422f5	4	7600	5059
2020-01-28	325ddb8b-50ce-4666-a90b-0268fbb422f5	5	4745	1660
2020-01-28	9076f20d-bfe6-4374-a17f-0dae61a323cf	1	583	578
2020-01-28	9076f20d-bfe6-4374-a17f-0dae61a323cf	2	1010	36
2020-01-28	9076f20d-bfe6-4374-a17f-0dae61a323cf	3	4301	3892
2020-01-28	9076f20d-bfe6-4374-a17f-0dae61a323cf	4	5296	1872
2020-01-28	9076f20d-bfe6-4374-a17f-0dae61a323cf	5	8163	2220
2020-01-29	85f762a9-c1ab-4dd6-b01b-f49a65065788	1	9831	4501
2020-01-29	85f762a9-c1ab-4dd6-b01b-f49a65065788	2	8521	1456
2020-01-29	85f762a9-c1ab-4dd6-b01b-f49a65065788	3	2042	252
2020-01-29	85f762a9-c1ab-4dd6-b01b-f49a65065788	4	9400	735
2020-01-29	85f762a9-c1ab-4dd6-b01b-f49a65065788	5	7896	6079
2020-01-29	2c17082e-222f-47c0-aecd-a3a49d7c9de9	1	568	517
2020-01-29	2c17082e-222f-47c0-aecd-a3a49d7c9de9	2	2882	1808
2020-01-29	2c17082e-222f-47c0-aecd-a3a49d7c9de9	3	7600	1763
2020-01-29	2c17082e-222f-47c0-aecd-a3a49d7c9de9	4	619	300
2020-01-29	2c17082e-222f-47c0-aecd-a3a49d7c9de9	5	9047	4712
2020-01-29	8bf64597-ffe5-468e-9af4-d538f6d841ec	1	7426	3731
2020-01-29	8bf64597-ffe5-468e-9af4-d538f6d841ec	2	9814	4647
2020-01-29	8bf64597-ffe5-468e-9af4-d538f6d841ec	3	6508	4388
2020-01-29	8bf64597-ffe5-468e-9af4-d538f6d841ec	4	9073	600
2020-01-29	8bf64597-ffe5-468e-9af4-d538f6d841ec	5	6445	4509
2020-01-29	acab183d-7b5e-4975-954a-6518df026ec4	1	1122	129
2020-01-29	acab183d-7b5e-4975-954a-6518df026ec4	2	5719	1399
2020-01-29	acab183d-7b5e-4975-954a-6518df026ec4	3	7438	1902
2020-01-29	acab183d-7b5e-4975-954a-6518df026ec4	4	7346	5208
2020-01-29	acab183d-7b5e-4975-954a-6518df026ec4	5	2495	346
2020-01-29	1e216c51-2034-4899-b56c-0860be526e27	1	9328	649
2020-01-29	1e216c51-2034-4899-b56c-0860be526e27	2	9985	5859
2020-01-29	1e216c51-2034-4899-b56c-0860be526e27	3	8131	4301
2020-01-29	1e216c51-2034-4899-b56c-0860be526e27	4	9156	1542
2020-01-29	1e216c51-2034-4899-b56c-0860be526e27	5	2560	1639
2020-01-29	13014d73-c4aa-4f72-bd4c-3fd7b028789e	1	1167	765
2020-01-29	13014d73-c4aa-4f72-bd4c-3fd7b028789e	2	7096	751
2020-01-29	13014d73-c4aa-4f72-bd4c-3fd7b028789e	3	9034	4213
2020-01-29	13014d73-c4aa-4f72-bd4c-3fd7b028789e	4	5326	3133
2020-01-29	13014d73-c4aa-4f72-bd4c-3fd7b028789e	5	9497	4289
2020-01-29	f744f709-98fe-449a-aab1-d8d1bfa4a38d	1	8675	2163
2020-01-29	f744f709-98fe-449a-aab1-d8d1bfa4a38d	2	851	764
2020-01-29	f744f709-98fe-449a-aab1-d8d1bfa4a38d	3	2380	184
2020-01-29	f744f709-98fe-449a-aab1-d8d1bfa4a38d	4	7516	3191
2020-01-29	f744f709-98fe-449a-aab1-d8d1bfa4a38d	5	6728	2390
2020-01-29	b605eb9d-6110-475d-9396-8758a58234e8	1	348	250
2020-01-29	b605eb9d-6110-475d-9396-8758a58234e8	2	1625	506
2020-01-29	b605eb9d-6110-475d-9396-8758a58234e8	3	3894	222
2020-01-29	b605eb9d-6110-475d-9396-8758a58234e8	4	561	308
2020-01-29	b605eb9d-6110-475d-9396-8758a58234e8	5	6277	1919
2020-01-29	325ddb8b-50ce-4666-a90b-0268fbb422f5	1	7726	5346
2020-01-29	325ddb8b-50ce-4666-a90b-0268fbb422f5	2	1953	420
2020-01-29	325ddb8b-50ce-4666-a90b-0268fbb422f5	3	7102	1857
2020-01-29	325ddb8b-50ce-4666-a90b-0268fbb422f5	4	9878	4081
2020-01-29	325ddb8b-50ce-4666-a90b-0268fbb422f5	5	8788	3487
2020-01-29	9076f20d-bfe6-4374-a17f-0dae61a323cf	1	508	287
2020-01-29	9076f20d-bfe6-4374-a17f-0dae61a323cf	2	829	827
2020-01-29	9076f20d-bfe6-4374-a17f-0dae61a323cf	3	3210	653
2020-01-29	9076f20d-bfe6-4374-a17f-0dae61a323cf	4	579	507
2020-01-29	9076f20d-bfe6-4374-a17f-0dae61a323cf	5	4257	1520
2020-01-30	85f762a9-c1ab-4dd6-b01b-f49a65065788	1	9695	6995
2020-01-30	85f762a9-c1ab-4dd6-b01b-f49a65065788	2	4430	2560
2020-01-30	85f762a9-c1ab-4dd6-b01b-f49a65065788	3	5665	2757
2020-01-30	85f762a9-c1ab-4dd6-b01b-f49a65065788	4	3526	295
2020-01-30	85f762a9-c1ab-4dd6-b01b-f49a65065788	5	9563	8397
2020-01-30	2c17082e-222f-47c0-aecd-a3a49d7c9de9	1	8538	7145
2020-01-30	2c17082e-222f-47c0-aecd-a3a49d7c9de9	2	7799	6634
2020-01-30	2c17082e-222f-47c0-aecd-a3a49d7c9de9	3	5259	2466
2020-01-30	2c17082e-222f-47c0-aecd-a3a49d7c9de9	4	4504	2266
2020-01-30	2c17082e-222f-47c0-aecd-a3a49d7c9de9	5	5637	3413
2020-01-30	8bf64597-ffe5-468e-9af4-d538f6d841ec	1	6759	5776
2020-01-30	8bf64597-ffe5-468e-9af4-d538f6d841ec	2	6399	640
2020-01-30	8bf64597-ffe5-468e-9af4-d538f6d841ec	3	5281	586
2020-01-30	8bf64597-ffe5-468e-9af4-d538f6d841ec	4	5925	381
2020-01-30	8bf64597-ffe5-468e-9af4-d538f6d841ec	5	1085	76
2020-01-30	acab183d-7b5e-4975-954a-6518df026ec4	1	5737	5367
2020-01-30	acab183d-7b5e-4975-954a-6518df026ec4	2	7046	2361
2020-01-30	acab183d-7b5e-4975-954a-6518df026ec4	3	4088	1313
2020-01-30	acab183d-7b5e-4975-954a-6518df026ec4	4	4859	34
2020-01-30	acab183d-7b5e-4975-954a-6518df026ec4	5	1216	1195
2020-01-30	1e216c51-2034-4899-b56c-0860be526e27	1	9937	1583
2020-01-30	1e216c51-2034-4899-b56c-0860be526e27	2	578	460
2020-01-30	1e216c51-2034-4899-b56c-0860be526e27	3	1561	1508
2020-01-30	1e216c51-2034-4899-b56c-0860be526e27	4	4840	2069
2020-01-30	1e216c51-2034-4899-b56c-0860be526e27	5	7313	3392
2020-01-30	13014d73-c4aa-4f72-bd4c-3fd7b028789e	1	9000	5
2020-01-30	13014d73-c4aa-4f72-bd4c-3fd7b028789e	2	9481	5611
2020-01-30	13014d73-c4aa-4f72-bd4c-3fd7b028789e	3	6663	5509
2020-01-30	13014d73-c4aa-4f72-bd4c-3fd7b028789e	4	7248	5941
2020-01-30	13014d73-c4aa-4f72-bd4c-3fd7b028789e	5	1149	650
2020-01-30	f744f709-98fe-449a-aab1-d8d1bfa4a38d	1	2655	1423
2020-01-30	f744f709-98fe-449a-aab1-d8d1bfa4a38d	2	2363	303
2020-01-30	f744f709-98fe-449a-aab1-d8d1bfa4a38d	3	2648	1659
2020-01-30	f744f709-98fe-449a-aab1-d8d1bfa4a38d	4	5238	3860
2020-01-30	f744f709-98fe-449a-aab1-d8d1bfa4a38d	5	3709	44
2020-01-30	b605eb9d-6110-475d-9396-8758a58234e8	1	7934	6193
2020-01-30	b605eb9d-6110-475d-9396-8758a58234e8	2	2821	336
2020-01-30	b605eb9d-6110-475d-9396-8758a58234e8	3	7942	6676
2020-01-30	b605eb9d-6110-475d-9396-8758a58234e8	4	3887	2207
2020-01-30	b605eb9d-6110-475d-9396-8758a58234e8	5	2004	1066
2020-01-30	325ddb8b-50ce-4666-a90b-0268fbb422f5	1	8738	2204
2020-01-30	325ddb8b-50ce-4666-a90b-0268fbb422f5	2	191	79
2020-01-30	325ddb8b-50ce-4666-a90b-0268fbb422f5	3	1033	876
2020-01-30	325ddb8b-50ce-4666-a90b-0268fbb422f5	4	6556	1235
2020-01-30	325ddb8b-50ce-4666-a90b-0268fbb422f5	5	2970	480
2020-01-30	9076f20d-bfe6-4374-a17f-0dae61a323cf	1	1073	1000
2020-01-30	9076f20d-bfe6-4374-a17f-0dae61a323cf	2	3971	2621
2020-01-30	9076f20d-bfe6-4374-a17f-0dae61a323cf	3	7384	2062
2020-01-30	9076f20d-bfe6-4374-a17f-0dae61a323cf	4	9897	3327
2020-01-30	9076f20d-bfe6-4374-a17f-0dae61a323cf	5	228	62
2020-01-31	85f762a9-c1ab-4dd6-b01b-f49a65065788	1	9220	3026
2020-01-31	85f762a9-c1ab-4dd6-b01b-f49a65065788	2	1186	1170
2020-01-31	85f762a9-c1ab-4dd6-b01b-f49a65065788	3	7028	3525
2020-01-31	85f762a9-c1ab-4dd6-b01b-f49a65065788	4	1387	499
2020-01-31	85f762a9-c1ab-4dd6-b01b-f49a65065788	5	3424	2590
2020-01-31	2c17082e-222f-47c0-aecd-a3a49d7c9de9	1	6070	4169
2020-01-31	2c17082e-222f-47c0-aecd-a3a49d7c9de9	2	1257	39
2020-01-31	2c17082e-222f-47c0-aecd-a3a49d7c9de9	3	1609	444
2020-01-31	2c17082e-222f-47c0-aecd-a3a49d7c9de9	4	709	566
2020-01-31	2c17082e-222f-47c0-aecd-a3a49d7c9de9	5	6011	3478
2020-01-31	8bf64597-ffe5-468e-9af4-d538f6d841ec	1	8798	609
2020-01-31	8bf64597-ffe5-468e-9af4-d538f6d841ec	2	8496	3057
2020-01-31	8bf64597-ffe5-468e-9af4-d538f6d841ec	3	2120	1225
2020-01-31	8bf64597-ffe5-468e-9af4-d538f6d841ec	4	6367	5865
2020-01-31	8bf64597-ffe5-468e-9af4-d538f6d841ec	5	8990	6003
2020-01-31	acab183d-7b5e-4975-954a-6518df026ec4	1	5970	1638
2020-01-31	acab183d-7b5e-4975-954a-6518df026ec4	2	9993	7773
2020-01-31	acab183d-7b5e-4975-954a-6518df026ec4	3	8147	7807
2020-01-31	acab183d-7b5e-4975-954a-6518df026ec4	4	3588	971
2020-01-31	acab183d-7b5e-4975-954a-6518df026ec4	5	113	33
2020-01-31	1e216c51-2034-4899-b56c-0860be526e27	1	8377	7013
2020-01-31	1e216c51-2034-4899-b56c-0860be526e27	2	5341	3040
2020-01-31	1e216c51-2034-4899-b56c-0860be526e27	3	7813	5988
2020-01-31	1e216c51-2034-4899-b56c-0860be526e27	4	155	12
2020-01-31	1e216c51-2034-4899-b56c-0860be526e27	5	4200	1036
2020-01-31	13014d73-c4aa-4f72-bd4c-3fd7b028789e	1	4192	2689
2020-01-31	13014d73-c4aa-4f72-bd4c-3fd7b028789e	2	6650	611
2020-01-31	13014d73-c4aa-4f72-bd4c-3fd7b028789e	3	4085	2368
2020-01-31	13014d73-c4aa-4f72-bd4c-3fd7b028789e	4	1235	654
2020-01-31	13014d73-c4aa-4f72-bd4c-3fd7b028789e	5	4624	3528
2020-01-31	f744f709-98fe-449a-aab1-d8d1bfa4a38d	1	8819	3467
2020-01-31	f744f709-98fe-449a-aab1-d8d1bfa4a38d	2	9359	7607
2020-01-31	f744f709-98fe-449a-aab1-d8d1bfa4a38d	3	5800	3310
2020-01-31	f744f709-98fe-449a-aab1-d8d1bfa4a38d	4	8566	1402
2020-01-31	f744f709-98fe-449a-aab1-d8d1bfa4a38d	5	3689	1391
2020-01-31	b605eb9d-6110-475d-9396-8758a58234e8	1	7147	6392
2020-01-31	b605eb9d-6110-475d-9396-8758a58234e8	2	6611	1993
2020-01-31	b605eb9d-6110-475d-9396-8758a58234e8	3	7458	6726
2020-01-31	b605eb9d-6110-475d-9396-8758a58234e8	4	3218	2497
2020-01-31	b605eb9d-6110-475d-9396-8758a58234e8	5	4835	4098
2020-01-31	325ddb8b-50ce-4666-a90b-0268fbb422f5	1	7212	2936
2020-01-31	325ddb8b-50ce-4666-a90b-0268fbb422f5	2	2236	254
2020-01-31	325ddb8b-50ce-4666-a90b-0268fbb422f5	3	8710	6831
2020-01-31	325ddb8b-50ce-4666-a90b-0268fbb422f5	4	55	48
2020-01-31	325ddb8b-50ce-4666-a90b-0268fbb422f5	5	9711	4002
2020-01-31	9076f20d-bfe6-4374-a17f-0dae61a323cf	1	6852	6539
2020-01-31	9076f20d-bfe6-4374-a17f-0dae61a323cf	2	1434	495
2020-01-31	9076f20d-bfe6-4374-a17f-0dae61a323cf	3	8685	8320
2020-01-31	9076f20d-bfe6-4374-a17f-0dae61a323cf	4	6436	6019
2020-01-31	9076f20d-bfe6-4374-a17f-0dae61a323cf	5	9551	6530
